src,dst,weight
0,1,7346
0,2,13
0,3,12
0,4,3
0,100,504
0,109,10
0,195,8
0,489,1
0,508,1
0,509,1
0,510,490
0,511,5
1,0,35
1,2,8599
1,3,101
1,4,15
1,5,5
1,6,2
1,508,9
1,509,642
1,796,1
2,0,1
2,1,78
2,3,8169
2,4,9
2,5,8
2,158,1
2,508,20
2,576,52
3,1,1
3,2,2
3,4,14308
3,5,13
3,6,6
3,7,1
3,507,1
3,576,14
4,3,142
4,5,14394
4,6,23
4,7,4
4,576,16
4,753,3
4,754,11
5,4,8
5,6,14585
5,7,25
5,8,1
5,9,1
5,83,1
5,85,2
5,161,1
5,659,17
5,741,7
5,753,6
6,5,19
6,7,13892
6,8,10
6,84,5
6,659,210
7,6,25
7,8,11772
7,9,13
7,10,1
7,81,2
7,82,12
7,83,96
7,84,16702
7,85,15436
7,86,77
7,87,11
7,88,7
7,158,1
7,159,2
7,161,1
7,162,1
7,294,4
7,295,4
7,335,1
7,486,1
7,566,1
7,659,3
7,742,3
8,7,37
8,9,11222
8,10,14
8,84,115
8,85,5
8,215,4
8,294,728
8,295,52
8,336,1
9,8,4
9,10,11087
9,11,2
9,13,1
9,45,2
9,46,3
9,70,3
9,83,1
9,84,1
9,102,1
9,104,3
9,145,9
9,146,2
9,215,1640
9,232,1
9,295,3
9,336,958
10,9,679
10,11,6279
10,12,1
10,13,14
10,14,1
10,16,1
10,45,5897
10,46,26
10,47,1
10,68,6
10,69,2
10,83,1
10,84,1
10,102,3
10,103,1
10,145,2975
10,146,35
10,295,1
10,336,7
10,366,2
10,367,2
10,400,1
10,527,1
11,10,2
11,17,1
11,102,14
11,103,1
11,146,7166
11,215,154
11,366,1
11,367,1
12,13,4371
12,14,6
12,46,2
12,47,6
12,68,4371
12,69,96
12,70,1
12,205,3
12,232,3
12,283,784
12,284,49
12,390,3086
12,445,4
13,12,8436
13,14,4760
13,15,9
13,16,7
13,46,370
13,47,4268
13,48,9
13,68,3
13,69,4
13,75,12
13,102,1
13,145,2
13,232,1
13,233,1
13,245,4
13,283,1
13,284,8
13,390,19
13,445,1
14,12,4
14,13,2562
14,15,4667
14,16,35
14,45,1
14,47,1
14,68,1
14,101,2
14,390,1
15,13,10
15,14,2354
15,16,4111
15,17,2
15,47,2
15,69,1
15,75,4
15,101,2
15,284,1
16,12,1
16,13,2
16,14,23
16,15,2360
16,17,3504
16,18,2531
16,19,5
16,48,1
16,74,852
16,75,2001
16,101,578
16,102,8
16,245,1
17,16,2408
17,18,40
17,75,1
17,101,3
17,102,3894
17,103,4
17,104,1
17,146,1
18,14,3
18,16,2162
18,17,1
18,19,2407
18,20,9
18,21,5
18,22,1
18,351,2
19,16,10
19,18,1848
19,20,4622
19,21,27
19,22,2
19,73,4
19,74,1246
19,75,4
19,244,74
19,262,1
19,282,5
19,356,1088
20,18,13
20,19,2679
20,21,2612
20,22,3
20,73,6
20,75,1
20,243,1
20,244,3
20,350,54
20,351,109
20,352,1156
20,356,3
20,397,1
21,19,14
21,20,1934
21,22,2454
21,73,44
21,102,1
21,366,2
21,367,1
21,678,20
22,20,6
22,21,1006
22,73,1212
22,351,1
22,352,1
22,366,1
23,24,2216
23,25,6
23,26,1
23,28,1
23,272,1
23,274,1
23,384,1274
23,498,4
23,499,1
23,552,1
23,604,835
23,701,2
23,743,53
24,23,2678
24,25,1508
24,26,2
24,28,3
24,272,917
24,273,2
24,274,1
24,604,6
25,23,3
25,24,1918
25,26,1745
25,28,1
25,149,1
25,552,2
26,23,1
26,24,1
26,25,2252
26,27,2414
26,28,11
26,29,2
26,30,1
26,147,1158
26,165,1
26,184,1
26,430,5
26,552,1826
27,25,3
27,26,2189
27,28,2454
27,29,2
27,30,32
27,31,1
27,32,26
27,169,1
27,273,1
28,24,1
28,25,2
28,26,2
28,27,2320
28,29,3860
28,30,93
28,31,13
28,169,2
28,272,5449
28,273,3
28,274,1
28,386,1
29,24,2
29,26,1
29,27,1
29,28,7056
29,30,2865
29,31,7
29,147,1
29,169,1
29,272,13
29,385,1449
29,386,15
29,387,2
29,658,1
29,682,1
30,26,2
30,27,42
30,28,19
30,29,8353
30,31,5178
30,32,2
30,167,1
30,168,4
30,169,4
30,222,1
30,223,1
30,224,398
30,272,2
30,360,1
30,430,1
31,28,3
31,29,10
31,30,8051
31,32,418
31,168,185
31,169,4522
31,170,1
31,222,2
31,223,1
31,272,2
31,360,1
31,361,1
32,27,3
32,31,17
32,152,1
32,167,1
32,168,24
32,169,1
32,170,2
32,222,1
32,430,1
32,552,7
33,34,3969
33,35,11
33,36,7
33,285,1
33,286,1185
33,287,1982
33,558,1
33,559,1
33,615,1
33,626,1
33,671,35
34,33,4022
34,35,3644
34,36,36
34,38,1
34,66,1
34,285,1
34,286,3
34,287,1
34,427,1
34,559,12
34,615,465
34,671,1
35,33,17
35,34,3516
35,36,3568
35,38,3
35,286,1
35,427,1
35,513,7
35,671,259
35,672,187
36,33,9
36,34,118
36,35,5183
36,37,4680
36,38,44
36,39,5
36,41,1
36,113,1
36,285,1
36,286,2
36,413,1
36,426,974
36,427,193
36,428,3
36,513,2160
36,514,1
36,616,1
36,672,1
37,33,1
37,34,4
37,36,8694
37,38,4627
37,39,9
37,40,1
37,41,1
37,66,1
37,113,1
37,114,217
37,413,1
37,426,44
37,427,3
37,513,2
37,514,1
37,616,1
38,36,26
38,37,8770
38,39,5436
38,40,39
38,41,1
38,65,3
38,66,3
38,112,1
38,113,8
38,114,3
38,115,1
38,289,1
38,413,4
38,513,8
39,36,7
39,37,19
39,38,8487
39,40,4045
39,41,9
39,42,1
39,62,1
39,64,4
39,65,82
39,66,80
39,67,6
39,111,3
39,112,17
39,113,618
39,114,5719
39,115,6389
39,234,2
39,276,1
39,290,1
39,343,1
39,413,29
39,513,2
39,663,1
39,691,51
40,36,1
40,38,11
40,39,5345
40,41,3711
40,42,5
40,43,1
40,67,1
40,111,1
40,112,25
40,113,1068
40,114,566
40,413,613
40,414,1
40,426,1
40,663,1
40,691,139
41,39,6
41,40,1033
41,42,7090
41,43,7
41,67,3
41,112,1
41,115,11
41,276,34
41,289,4
41,290,1
41,291,1
41,663,1128
41,691,1
42,41,302
42,43,1910
42,44,4
42,65,1
42,66,1
42,67,9
42,115,3
42,247,1
42,276,5256
42,289,3
42,291,1
42,524,6
42,663,1
43,39,3
43,42,70
43,44,3449
43,65,1
43,66,8
43,67,7829
43,114,1
43,115,1
43,234,2
43,275,953
43,276,6
43,365,28
43,524,31
44,42,16
44,43,1955
44,67,4
44,234,1
44,275,76
44,524,268
44,663,1
45,10,39
45,13,26
45,17,1
45,46,6123
45,47,1
45,48,1
45,75,1
45,145,1
45,146,1
46,10,2
46,12,15
46,13,6315
46,45,51
46,47,1
46,68,10
46,145,269
47,12,8
47,13,4911
47,14,1
47,15,3
47,46,1
47,48,4174
47,68,1
47,69,1
47,75,41
47,111,1
47,244,1
47,245,41
47,282,9
47,284,2
48,12,2
48,13,9
48,15,1
48,16,8
48,17,1
48,47,3057
48,74,1
48,75,3652
48,76,4862
48,77,15
48,78,2
48,79,3
48,245,49
48,282,7
49,50,4715
49,51,16
49,52,3417
49,55,20
49,63,1
49,64,1
49,120,1
49,137,103
49,138,4750
49,139,6
49,142,1
49,270,2
49,421,6
49,422,1
49,431,5
49,433,1
49,447,1
49,462,526
49,536,14
50,49,7405
50,51,3206
50,52,19
50,55,42
50,137,6
50,138,15
50,139,5
50,141,1
50,256,4
50,258,1
50,270,2
50,421,3194
50,431,3
50,447,119
50,462,2
51,49,20
51,50,6856
51,52,152
51,53,44
51,54,1
51,55,3240
51,138,1
51,139,13
51,141,1
51,142,1
51,201,1
51,258,1
51,435,1
51,462,1
52,49,4034
52,50,8
52,51,65
52,53,108
52,55,3
52,256,2
52,421,2
52,431,2229
52,433,1
52,448,1
52,462,1
52,536,744
52,562,5
53,51,51
53,52,169
53,54,1627
53,55,6
53,56,2
53,57,1
53,58,2
53,420,415
53,562,4
53,688,1
54,50,1
54,53,819
54,55,1742
54,56,29
54,58,2
54,123,1
54,139,227
54,141,1
54,258,2
54,420,9
54,688,4
55,49,18
55,50,61
55,51,7642
55,52,1
55,53,3
55,54,1260
55,56,1420
55,57,4
55,58,3
55,116,2
55,119,1
55,137,1
55,138,3
55,139,3259
55,140,5
55,141,1
55,142,1
55,258,6
55,270,1
55,420,1
55,447,362
56,50,1
56,51,1
56,54,13
56,55,628
56,57,1562
56,58,35
56,59,1
56,60,1
56,139,1223
56,140,1
56,201,1143
56,258,1
56,447,1
56,562,1
57,50,1
57,53,1
57,54,2
57,55,3
57,56,655
57,58,679
57,59,1
57,192,1
57,201,2
57,257,4
57,446,1
57,447,196
57,562,1
58,54,1
58,55,3
58,56,22
58,57,392
58,59,802
58,60,441
58,139,2
58,192,10
58,201,1150
58,202,1
58,203,2
58,256,1
58,257,138
58,547,270
58,638,71
59,56,1
59,58,553
59,60,359
59,192,271
59,193,82
59,201,1
59,256,1
59,257,111
59,391,1
59,445,3
59,446,1
60,57,1
60,58,649
60,59,30
60,187,1
60,189,1
60,191,81
60,192,439
60,193,1
60,202,11
60,203,1
60,267,1
60,400,1
60,445,3
60,446,2
60,547,12
61,62,1420
61,63,9
61,65,1
61,433,13
61,434,1560
61,463,125
62,38,1
62,39,1
62,61,1656
62,63,1494
62,64,19
62,65,2
62,137,1
62,275,1
62,462,1
62,465,288
62,536,1
63,49,3
63,61,3
63,62,1820
63,64,2299
63,65,2
63,137,604
63,234,1
63,253,1
63,433,1
63,458,1
63,462,6
63,463,131
63,465,4
64,44,2
64,49,1
64,51,1
64,61,2
64,62,24
64,63,2946
64,65,1080
64,66,16
64,67,4
64,137,32
64,234,1117
64,250,1
64,458,15
64,465,365
64,675,1
65,37,1
65,38,1
65,39,23
65,49,1
65,62,1
65,64,173
65,66,7963
65,67,25
65,115,1
65,137,1
65,234,5447
65,250,4
65,253,678
65,275,1
65,365,2
65,421,1
65,422,1
65,458,594
66,37,3
66,38,9
66,39,178
66,43,2
66,44,1
66,49,1
66,64,14
66,65,6153
66,67,7476
66,114,11
66,234,4
66,250,3474
66,251,29
66,253,17
66,254,1
66,255,1
66,276,1
66,349,2
66,365,182
66,513,1
67,36,5
67,37,20
67,38,263
67,39,3327
67,43,3720
67,44,2
67,64,1
67,65,36
67,66,2510
67,114,97
67,115,48
67,234,1
67,247,1
67,250,9
67,251,8878
67,253,2
67,255,1
67,276,5246
67,349,24
67,365,4
67,458,1
67,513,8
67,524,1
68,10,17
68,12,2163
68,13,3
68,46,4
68,47,1
68,69,3924
68,70,3
68,84,1
68,145,878
68,232,5
68,233,3983
68,283,1
68,293,1
68,295,1
69,9,1
69,10,7
69,12,9
69,68,6682
69,70,13
69,145,19
69,232,4354
69,233,7
69,367,1
69,404,1
69,444,2
69,527,3
69,528,527
70,9,1
70,68,3
70,69,4
70,71,3048
70,72,7
70,145,2
70,159,1
70,189,3
70,205,3
70,228,1
70,229,7
70,230,23
70,231,4522
70,232,4391
70,233,2
70,404,593
70,444,2
70,468,1
70,503,1
71,70,3367
71,72,2725
71,145,1
71,159,6
71,227,1
71,229,1
71,231,2
71,232,7
71,292,2
71,293,1
71,404,1
71,503,576
71,584,2
72,70,17
72,71,3477
72,159,1984
72,160,2
72,161,1
72,292,122
72,503,6
72,584,584
73,20,6
73,21,45
73,22,1040
73,366,1361
73,367,6
73,397,9
73,398,5
73,454,6
73,678,37
73,710,1
74,16,22
74,19,576
74,21,1
74,48,1
74,75,1299
74,77,2
74,282,1
74,356,1
75,12,5
75,13,60
75,15,422
75,16,2941
75,17,2
75,47,1617
75,48,9007
75,68,2
75,74,4
75,76,12
75,77,3
75,78,1
75,102,1
75,111,1
75,243,1
75,244,4
75,245,3594
75,282,29
75,390,1
76,16,1
76,47,1
76,48,2709
76,75,4
76,77,4899
76,78,8
76,79,3
76,80,1
76,245,141
76,355,199
77,48,14
77,76,2590
77,78,5187
77,79,18
77,80,9
77,245,1
77,368,1
78,16,1
78,76,1
78,77,456
78,79,8671
78,80,11
78,246,3
78,266,2
78,267,5
78,282,2
78,290,1
78,353,2665
78,354,9
78,355,87
78,445,1
79,48,1
79,51,1
79,75,1
79,76,4
79,77,301
79,78,2671
79,80,2929
79,246,1945
79,248,1
79,249,1
79,266,2
79,267,98
79,268,3
79,269,1
79,282,1
79,353,8
79,355,1
79,368,2636
79,429,1
79,445,1
80,48,1
80,75,1
80,77,36
80,78,1
80,79,1267
80,205,1
80,268,1
80,368,181
80,391,42
80,404,2
80,429,2412
80,445,52
81,7,5
81,71,1
81,72,1
81,82,19237
81,83,41
81,84,10
81,85,1
81,125,1
81,158,11973
81,159,171
81,160,17
81,161,2
81,162,2
81,163,2
81,200,19
81,252,35
81,335,1
81,674,2
82,7,12
82,81,12861
82,83,19059
82,84,62
82,85,2
82,86,1
82,87,1
82,88,1
82,158,676
82,159,75
82,160,19
82,161,10
82,162,2
82,163,1
82,164,1
82,184,1
82,237,7026
82,238,13
82,252,2
82,321,1
82,335,1
82,674,45
82,776,1
83,7,61
83,8,1
83,81,22
83,82,19929
83,84,19396
83,85,10
83,86,4
83,87,1
83,158,12
83,159,9
83,160,7
83,161,1
83,162,1
83,237,5
83,239,1
83,295,1
83,335,479
83,389,1
83,659,3
83,674,14
83,725,15
84,7,17254
84,8,37
84,9,2
84,81,5
84,82,82
84,83,20000
84,85,53
84,86,11
84,87,3
84,88,1
84,158,4
84,159,8
84,160,6
84,161,1
84,164,1
84,295,750
84,335,6
84,336,3
84,659,76
85,6,2
85,7,13133
85,8,7
85,81,1
85,82,1
85,83,8
85,84,31
85,86,14615
85,87,33
85,88,16
85,89,2
85,106,5
85,158,1
85,160,1
85,294,300
85,485,3
85,486,1
85,742,44
86,6,1
86,7,64
86,8,2
86,83,4
86,84,11
86,85,12674
86,87,12352
86,88,39
86,89,1
86,105,6
86,106,5871
86,294,2
86,485,280
86,486,19
86,553,1
86,655,1
86,742,1
87,7,9
87,8,3
87,83,1
87,84,2
87,85,25
87,86,9399
87,88,12286
87,89,3
87,105,1
87,106,1
87,161,1
87,335,1
87,443,106
87,456,1
87,485,51
87,486,2
88,7,7
88,85,10
88,86,38
88,87,9080
88,89,10905
88,105,2
88,106,2
88,397,1
88,456,203
88,464,13
88,485,1
88,533,4
88,534,44
89,85,1
89,86,6
89,87,38
89,88,670
89,397,4
89,456,2
89,464,175
89,533,75
90,91,1731
90,92,6
90,239,3
90,439,1196
90,440,5
90,441,1
90,588,1
90,589,63
90,619,239
90,634,1
91,90,916
91,92,3026
91,93,5
91,94,2
91,95,2
91,322,54
91,406,14
91,407,1
91,439,1
91,441,1
91,489,1
91,589,2
91,619,1
91,634,135
92,91,673
92,93,3793
92,94,13
92,95,2
92,97,1
92,323,3
92,407,1679
92,619,1
92,642,1
93,91,1
93,92,2241
93,94,2489
93,95,2
93,96,2
93,97,1
93,307,1
93,322,1
93,323,7
93,324,83
93,406,1
93,407,13
94,92,5
94,93,838
94,95,2514
94,96,2
94,325,1
94,619,143
94,642,437
95,92,2
95,93,3
95,94,867
95,96,2637
95,323,2
95,324,238
95,325,12
95,326,3
95,407,1
95,440,1
95,620,79
95,642,2
96,93,2
96,95,1039
96,97,769
96,322,3
96,323,19
96,324,1585
96,325,3468
96,326,199
96,327,9
96,328,2
96,329,2
96,330,4
96,405,1
96,406,1
96,407,7
96,515,4
96,620,1
97,95,1
97,96,1062
97,98,757
97,325,1
97,328,1
97,620,91
98,96,3
98,97,1031
98,99,668
98,240,1
98,241,8
98,242,232
98,401,1
98,402,661
98,600,4
99,98,1249
99,240,1
99,241,257
99,401,502
99,402,1
99,620,301
100,0,1607
100,1,1
100,195,24
100,241,1
100,489,4
100,509,1
100,511,452
100,677,20
100,796,1
101,14,2
101,16,27
101,17,86
101,18,1
101,102,4
101,104,1
101,146,1
101,246,1
102,9,1
102,11,1
102,16,8
102,17,2432
102,86,1
102,103,8681
102,104,16
102,105,2
102,146,45
102,215,1
102,366,6
102,367,3460
103,7,1
103,10,1
103,86,2
103,102,12
103,104,8947
103,105,14
103,215,1
103,366,1
103,367,1
103,453,2
104,7,1
104,9,1
104,86,8
104,103,20
104,105,8345
104,146,1
104,215,1692
104,294,2
104,452,655
104,453,1
104,485,1
105,7,2
105,85,4
105,86,7938
105,87,2
105,106,2
105,215,2
105,294,1
105,443,516
105,485,6
105,486,4
105,553,1
106,7,3
106,85,4
106,86,20
106,146,1
106,485,330
106,486,8
106,566,6
106,655,1
106,741,1
106,742,5
107,0,4
107,1,1
107,108,4973
107,109,17
107,194,2
107,197,1
107,199,252
107,601,80
108,0,5
108,1,2
108,107,1
108,109,5003
109,0,5308
109,1,14
109,3,2
109,108,2
109,194,70
109,195,1
109,509,1
109,510,4
109,511,7
110,75,1
110,111,5167
110,112,27
110,243,3208
110,244,5
110,262,5
110,263,39
110,264,2281
110,265,4
110,282,1
110,427,2
110,428,244
110,593,22
111,75,1
111,110,1675
111,112,9789
111,113,16
111,243,2
111,245,3
111,262,1
111,263,2
111,264,2
111,265,10
111,282,7698
111,350,1
111,353,1
111,354,1
111,355,2
111,427,1
111,593,1
112,39,3
112,110,29
112,111,11333
112,113,6445
112,114,13
112,243,1
112,245,1
112,247,2
112,264,2
112,265,4924
112,266,5
112,282,16
112,291,1
112,350,1
112,354,10
112,355,1
112,593,169
113,39,12
113,40,2
113,110,1
113,111,14
113,112,9019
113,114,7040
113,245,1
113,265,5
113,266,1
113,282,6
113,290,2
113,426,72
113,593,56
114,36,2
114,37,86
114,38,3
114,39,7026
114,40,8
114,111,2
114,112,13
114,113,6567
114,266,1
114,413,1
114,691,5
115,34,1
115,36,1
115,38,9
115,39,4860
115,40,7
115,41,3245
115,42,2
115,43,3
115,64,21
115,65,2062
115,66,1476
115,67,58
115,114,1
115,137,1
115,234,20
115,276,1093
115,289,2
115,343,2
115,365,3
115,513,1
115,663,1
115,675,1
116,117,4908
116,118,12
116,119,1
116,139,1
116,142,4
116,216,2793
116,217,9
116,258,938
116,259,6
116,260,3
116,435,5663
116,436,5
116,437,2
117,116,3824
117,118,5102
117,141,2
117,142,12
117,216,8
117,435,2
117,466,1
117,766,3
118,51,1
118,116,12
118,117,2968
118,119,5823
118,120,48
118,121,13
118,123,1
118,125,1
118,139,11
118,140,7
118,141,73
118,142,10725
118,156,1
118,216,1
118,258,1
118,466,2
118,467,2
118,529,1
118,540,1
119,55,1
119,116,1
119,117,3
119,118,7359
119,120,6833
119,121,43
119,122,3
119,123,2
119,139,4
119,140,3
119,141,9
119,142,69
119,280,1
119,466,203
119,506,17
119,637,1
119,766,1
120,55,1
120,56,1
120,118,38
120,119,8056
120,121,7248
120,122,11
120,123,3
120,139,3
120,141,6
120,142,5
120,143,375
120,144,4
120,156,1
120,281,1
120,506,1
120,540,225
121,118,11
121,119,64
121,120,8098
121,122,7340
121,123,39
121,124,1
121,139,5
121,140,1
121,141,1
121,142,3
121,143,1
121,155,2
121,157,1
121,280,5
121,281,1
121,377,1
121,504,1
121,505,8
121,506,416
121,637,1
122,118,2
122,119,9
122,120,10
122,121,7891
122,123,7482
122,124,2
122,125,1
122,142,4
122,143,75
122,152,1
122,154,6
122,155,28
122,156,501
122,157,1
122,166,1
122,184,1
122,279,5
122,280,6
122,281,6
122,317,1
122,363,1
122,377,1
122,395,2
122,591,1
123,118,1
123,119,1
123,120,6
123,121,50
123,122,8736
123,124,5913
123,125,33
123,141,2
123,152,9
123,154,14
123,155,106
123,156,4567
123,157,4225
123,162,1
123,164,14
123,166,2
123,182,1
123,183,3
123,184,7
123,279,10
123,280,25
123,281,162
123,317,4
123,363,2
123,377,8
123,395,30
123,595,1
123,617,28
123,749,43
124,121,2
124,122,10
124,123,1001
124,125,5629
124,152,1
124,153,1
124,154,3
124,155,7
124,156,17
124,162,4
124,163,5
124,164,58
124,183,10
124,184,24
124,280,1
124,281,1
124,377,2
124,395,350
124,405,1
124,614,1
124,617,593
124,632,1
124,749,2
125,122,5
125,123,163
125,124,1060
125,154,1
125,155,8
125,156,25
125,162,2
125,163,9
125,164,68
125,165,1
125,183,27
125,184,22
125,395,5017
125,396,263
125,504,13
125,578,1
125,614,1
125,617,33
125,621,1
125,749,1
126,127,107
126,310,48
126,311,1
126,556,37
126,635,1
127,126,55
127,128,149
127,309,178
127,378,1
127,747,18
128,127,12
128,129,2
128,378,289
128,557,33
128,747,5
129,130,229
129,378,47
129,557,2
129,712,1
130,129,102
130,131,392
130,132,13
130,133,8
130,134,8
130,135,1
130,136,3
130,557,7
130,635,1
130,712,15
130,720,8
131,130,380
131,132,297
131,133,106
131,134,2
131,135,1
131,136,2
131,590,1
131,686,1
132,130,4
132,131,6
132,133,420
132,134,5
132,135,2
133,130,9
133,131,408
133,132,658
133,134,922
133,135,9
133,136,5
133,541,1
133,695,58
134,130,1
134,131,7
134,132,1
134,133,1283
134,135,710
134,136,15
134,212,1
134,213,3
134,541,156
134,590,3
135,130,3
135,131,8
135,132,2
135,133,10
135,134,1074
135,136,647
135,212,2
135,213,5
135,214,1
135,380,2
135,381,1
135,392,5
135,472,1418
135,475,1
135,590,82
136,133,6
136,134,18
136,135,253
136,210,2
136,211,3
136,212,12
136,213,1008
136,214,2896
136,392,1
136,419,1
136,590,8
136,692,5
137,49,179
137,50,5
137,51,1
137,55,4
137,63,2424
137,64,63
137,138,1699
137,422,6
137,431,1
137,458,811
137,462,1524
137,463,1
137,465,1
138,49,215
138,50,6
138,52,1
138,55,2
138,63,2
138,64,3
138,65,1
138,137,5430
138,254,1
138,255,1
138,258,1
138,421,261
138,422,849
138,458,7
138,462,6
139,49,1
139,50,13
139,51,11
139,52,2
139,54,8
139,55,7133
139,56,1658
139,58,3
139,116,7
139,118,6
139,119,2
139,120,4
139,138,1
139,140,516
139,141,169
139,142,3
139,216,1
139,258,4347
139,260,1
139,435,2
139,436,1
139,688,3
139,766,2
140,49,2
140,50,1
140,55,12
140,56,1
140,118,5
140,137,1
140,139,6802
140,141,207
140,142,3
140,201,107
140,435,1
140,708,116
141,49,1
141,50,1
141,51,1
141,55,12
141,56,1
141,58,1
141,116,1
141,117,2
141,118,71
141,119,10
141,120,6
141,121,4
141,139,175
141,140,7814
141,142,1612
141,258,309
141,481,1
142,50,2
142,55,1
142,56,2
142,116,3
142,117,41
142,118,5458
142,119,17
142,120,2
142,121,3
142,122,1
142,139,21
142,140,5
142,141,7503
142,189,2
142,216,2
142,466,1317
142,467,137
142,468,1
142,526,1
142,708,10
143,120,260
143,122,331
143,144,318
143,154,1
143,155,48
143,540,1
144,120,2
144,121,1
144,143,188
144,154,285
144,155,355
144,156,1
144,436,1
144,437,81
144,540,170
144,561,16
145,9,5
145,10,6074
145,11,1
145,13,4
145,45,5
145,46,1221
145,68,1820
145,69,3
145,84,3
145,146,1
145,232,1
145,233,123
145,295,3
145,336,171
145,367,1
145,389,1
145,674,1
146,10,30
146,11,113
146,102,7031
146,103,10
146,104,1
146,367,9
146,454,1
146,487,1
147,26,1948
147,148,1119
147,149,3
147,552,2
147,662,14
147,743,11
148,25,2
148,26,4
148,27,1
148,147,1941
148,149,1117
148,150,2
149,26,1
149,27,1
149,147,7
149,148,1940
149,150,4205
149,151,1
149,155,1
149,225,13
149,438,3846
149,499,1
149,500,24
150,148,2
150,149,5789
150,151,3948
150,152,12
150,225,1269
150,226,2
150,438,5
150,500,6
150,501,4
151,149,3
151,150,5668
151,152,4057
151,153,3
151,155,1
151,165,4
151,166,1
151,168,1
151,225,5
151,437,1
151,438,3
151,498,2
151,500,2
151,501,1
151,592,829
152,31,1
152,116,1
152,122,1
152,123,8
152,144,1
152,150,13
152,151,6377
152,153,6381
152,154,162
152,155,64
152,156,12
152,157,1
152,165,11463
152,166,148
152,167,11
152,168,4
152,348,7
152,361,1
152,436,6
152,437,2253
152,500,1
152,552,1
152,561,1
152,591,3
152,592,5
152,606,6
153,122,1
153,123,17
153,151,4
153,152,163
153,154,4242
153,155,97
153,156,9
153,157,1
153,165,15
153,166,2
153,167,1
153,225,1
153,437,6
153,591,11
153,683,146
154,123,22
154,124,2
154,125,1
154,144,217
154,151,1
154,152,8625
154,153,681
154,155,4890
154,156,45
154,157,1
154,165,29
154,166,10
154,167,1
154,169,2
154,184,2
154,280,1
154,281,3
154,348,1
154,437,269
154,591,7
155,121,1
155,122,5
155,123,119
155,124,7
155,125,1
155,143,184
155,144,248
155,151,2
155,152,193
155,153,40
155,154,9232
155,156,4755
155,157,12
155,164,1
155,165,29
155,166,3
155,167,2
155,168,2
155,169,1
155,183,1
155,279,1
155,280,2
155,281,4
155,395,2
155,437,9
155,545,1
155,591,530
155,592,1
155,595,11
155,617,1
155,631,1
156,120,1
156,122,57
156,123,2004
156,124,30
156,125,4
156,143,1
156,151,1
156,152,25
156,153,1
156,154,44
156,155,9084
156,157,2778
156,162,1
156,163,1
156,165,3
156,166,2
156,168,1
156,170,1
156,183,1
156,184,2
156,280,2
156,281,4
156,363,2
156,377,2
156,395,4
156,480,1
156,591,1
156,595,40
157,120,1
157,121,3
157,122,6
157,123,4431
157,124,20
157,125,2
157,151,1
157,155,2
157,156,223
157,278,20
157,279,4
157,280,24
157,281,3471
157,298,1
157,317,1
157,377,5
157,395,2
157,749,1
158,7,1
158,72,4
158,81,1075
158,82,22
158,83,3
158,84,1
158,159,12023
158,160,34
158,161,5
158,162,2
158,200,7
158,232,2
158,277,1
158,292,1904
158,293,2
158,442,1
158,674,102
159,7,4
159,70,3
159,71,5
159,72,3362
159,81,13314
159,82,112
159,83,29
159,84,14
159,85,3
159,86,1
159,158,2044
159,160,8290
159,161,43
159,162,10
159,163,1
159,182,1
159,184,1
159,200,2116
159,237,1
159,292,2
159,395,1
159,588,1
159,665,5
160,7,4
160,70,1
160,72,2
160,81,94
160,82,37
160,83,20
160,84,9
160,85,1
160,88,1
160,125,1
160,158,10
160,159,16898
160,161,8252
160,162,47
160,163,6
160,184,2
160,200,25
160,277,2
160,321,1
160,405,2
160,406,1
160,442,1
160,584,8
160,596,1
160,665,89
161,7,1
161,71,1
161,81,13
161,82,14
161,83,5
161,84,1
161,91,1
161,92,1
161,125,1
161,158,1
161,159,45
161,160,17072
161,162,5850
161,163,48
161,184,10
161,200,3
161,277,1698
161,288,1
161,321,7
161,405,43
161,406,4
161,442,3
161,584,1
161,588,1
161,596,1196
161,634,1
161,665,5
162,81,6
162,82,8
162,83,5
162,84,1
162,91,3
162,123,2
162,124,5
162,125,4
162,158,2
162,159,20
162,160,66
162,161,17981
162,163,10284
162,164,10
162,183,3
162,184,76
162,227,14
162,228,2
162,229,2
162,277,4
162,288,2
162,321,9228
162,322,7
162,324,1
162,329,1
162,395,3
162,405,4961
162,406,25
162,407,3
162,442,14
162,596,5
162,634,2
163,72,1
163,81,3
163,82,1
163,84,1
163,123,9
163,124,4
163,125,1
163,155,2
163,159,4
163,160,7
163,161,32
163,162,17432
163,164,23
163,182,2
163,183,12
163,184,896
163,185,6
163,277,2
163,395,6
163,442,9242
163,596,1
163,666,7
163,776,5
164,122,2
164,123,11
164,124,21
164,125,52
164,154,1
164,155,2
164,156,1
164,162,5
164,163,16
164,165,1
164,183,6160
164,184,233
164,185,3
164,395,1188
164,396,1
164,442,4
164,617,3
164,632,5
165,123,2
165,125,1
165,144,1
165,150,1
165,151,9
165,152,7637
165,153,21
165,154,17
165,155,12
165,156,7
165,166,11241
165,167,33
165,168,17
165,169,3
165,184,1
165,221,1
165,348,13
165,395,1
165,430,1
165,436,1
165,437,8
165,592,243
165,606,22
165,662,1
166,26,1
166,151,2
166,152,77
166,153,3
166,154,5
166,155,4
166,165,7635
166,167,9720
166,168,60
166,169,22
166,170,1
166,171,1
166,172,1
166,222,2
166,348,2363
166,361,8
166,362,2
166,425,1
166,430,45
166,437,2
166,554,369
166,592,83
166,606,1
167,147,1
167,151,2
167,152,4
167,154,2
167,155,5
167,156,1
167,165,37
167,166,5554
167,168,7928
167,169,41
167,170,13
167,171,3
167,172,1
167,222,1
167,348,14
167,361,377
167,362,118
167,430,2024
167,461,1
167,554,15
167,592,3
168,26,2
168,27,1
168,29,1
168,30,2
168,31,2769
168,32,45
168,152,3
168,165,11
168,166,51
168,167,134
168,169,9361
168,170,26
168,171,5
168,172,5
168,222,28
168,359,1
168,361,58
168,430,4532
168,461,2
168,532,1
168,552,2
168,606,1
169,29,2
169,30,9
169,31,5156
169,32,1
169,152,2
169,165,1
169,166,11
169,167,22
169,168,7380
169,170,8355
169,171,27
169,172,7
169,221,6
169,222,6089
169,272,2
169,360,1
169,361,6
169,430,33
169,532,1
169,552,1
169,554,1
170,31,2
170,152,1
170,165,1
170,166,1
170,167,6
170,168,21
170,169,7496
170,171,8005
170,172,25
170,222,6
170,358,1
170,359,2
170,360,319
170,430,4
170,531,4
170,532,1
171,31,3
171,152,1
171,166,1
171,167,1
171,168,1
171,169,21
171,170,6649
171,172,8709
171,223,1
171,359,523
171,360,2
171,512,1
171,530,1
171,531,794
172,168,4
172,169,10
172,170,81
172,171,5137
172,358,14
172,359,5
172,360,2
172,484,2
172,512,71
172,531,3
172,560,23
173,174,7254
173,175,175
173,176,2
173,177,1
173,326,1
173,329,4
173,330,5
173,333,13
173,415,556
173,416,29
173,417,9
173,419,1
173,424,5
173,520,94
173,581,4
173,668,220
174,173,905
174,175,15
174,176,3
174,178,1
174,327,1
174,329,30
174,330,14
174,333,11
174,415,5
174,416,7037
174,417,43
174,418,1
174,424,7
174,577,5
174,668,1
174,781,1
175,96,1
175,173,16
175,174,4
175,176,6
175,177,3
175,178,1
175,330,1
175,333,1065
175,415,622
175,416,1
175,518,1
175,519,1
175,555,1
175,668,12
175,781,1
176,173,21
176,174,5
176,175,6
176,177,1294
176,178,5
176,179,1
176,206,1
176,333,3042
176,334,5
176,415,28
176,416,1
176,516,49
176,555,4
176,772,4
177,107,17
177,109,3
177,173,9
177,174,2
177,176,3032
177,178,2941
177,179,635
177,180,6
177,199,6
177,333,34
177,334,276
177,415,10
177,416,2
177,418,1
177,490,1
177,516,1
177,555,10
177,601,3
177,718,106
178,107,3
178,108,1
178,175,2
178,176,9
178,177,2397
178,179,22
178,181,1
178,199,1
178,333,3
178,334,22
178,415,4
178,490,1298
178,555,343
178,601,3
178,693,1
179,0,1
179,107,10
179,108,1
179,176,1
179,177,3000
179,178,3
179,180,185
179,181,2
179,199,1379
179,334,2
179,415,1
179,516,1330
179,517,2
179,519,1
179,601,5
179,693,2
180,107,195
180,108,2
180,109,1
180,177,1
180,179,283
180,181,158
180,199,421
180,516,3
180,601,719
180,693,1
180,703,27
181,177,1
181,179,1
181,180,685
181,555,84
181,574,319
181,575,3
181,601,370
181,657,1
181,703,3
182,162,1
182,163,1
182,183,3656
182,184,16
182,185,1
182,320,1
182,338,11
182,339,1
182,476,2159
182,478,1
182,544,146
182,632,15
182,666,114
183,83,1
183,121,1
183,123,4
183,124,4
183,125,15
183,156,1
183,159,1
183,160,2
183,162,7
183,163,35
183,164,484
183,182,2020
183,184,9730
183,185,28
183,186,1
183,338,5
183,395,77
183,442,2
183,476,1
183,544,11
183,632,8
183,666,25
184,81,1
184,82,2
184,122,1
184,123,11
184,124,12
184,125,27
184,155,4
184,156,3
184,159,1
184,160,3
184,161,8
184,162,110
184,163,12373
184,164,355
184,182,15
184,183,3186
184,185,2325
184,186,6
184,187,2
184,338,2
184,395,75
184,407,1
184,442,1102
184,544,2
184,578,1
184,617,5
184,653,1
184,666,63
185,164,2
185,183,5
185,184,2810
185,186,2103
185,187,1
185,188,2
185,189,1
185,395,2
185,396,1
185,442,5
185,544,1
185,578,73
185,579,1
185,580,2
185,653,338
186,183,2
186,184,7
186,185,2484
186,187,2640
186,188,37
186,189,3
186,190,1
186,229,1
186,578,141
186,580,7
186,653,1
187,183,1
187,185,4
187,186,2694
187,188,2462
187,189,4
187,191,2
187,529,103
187,578,3
187,579,329
187,580,326
187,637,2
188,142,1
188,184,1
188,185,5
188,186,10
188,187,2715
188,189,6853
188,190,1
188,191,5
188,205,1
188,229,2588
188,230,2
188,231,1
188,467,1
188,468,2
188,529,4
188,580,163
189,58,1
189,70,1
189,142,1
189,185,3
189,186,2
189,187,9
189,188,4665
189,190,2750
189,191,54
189,192,2
189,193,1
189,229,34
189,231,1
189,467,7
189,468,7
189,529,2670
189,636,2
190,188,1
190,189,423
190,191,2686
190,192,1
190,229,3
190,563,7
191,58,1
191,60,54
191,186,1
191,187,1
191,188,3
191,189,95
191,190,1228
191,192,3405
191,193,4
191,202,92
191,400,3
191,563,16
191,636,189
192,56,1
192,58,8
192,59,234
192,60,2259
192,187,1
192,188,2
192,189,1
192,190,2
192,191,1114
192,193,3777
192,202,339
192,203,5
192,229,1
192,267,1
192,268,2
192,400,52
192,445,4
192,446,863
192,529,1
192,636,1
193,58,1
193,59,168
193,189,2
193,190,2
193,191,9
193,192,2783
193,257,5
193,268,5
193,399,543
193,400,4165
193,429,1
193,447,1
194,0,2
194,109,273
194,509,1
194,510,639
194,525,38
194,575,737
194,605,1
195,0,15
195,100,11
195,179,1
195,196,2824
195,197,4
195,488,4
195,489,1222
195,510,1
195,511,1143
195,597,1
195,610,1
195,677,2
196,0,1
196,195,702
196,197,2856
196,198,2
196,489,1
197,179,1
197,195,2
197,196,694
197,198,2742
197,199,5
197,518,99
197,610,2
197,611,2
197,670,1
198,107,2
198,177,5
198,179,6
198,196,2
198,197,96
198,199,3123
198,516,127
198,518,46
198,670,44
199,1,1
199,107,1462
199,108,1
199,177,6
199,178,1
199,179,3200
199,180,61
199,196,1
199,197,5
199,198,305
199,334,1
199,601,4
200,72,2
200,81,389
200,82,2
200,84,1
200,158,16
200,159,69
200,160,5
200,161,2
200,665,42
201,56,1514
201,57,31
201,58,734
201,137,1
201,139,2
201,140,123
201,141,1
201,547,1
201,638,1
201,708,1
202,58,1
202,60,8
202,190,2
202,191,84
202,192,537
202,203,312
202,204,1
202,446,54
202,563,26
203,59,1
203,192,4
203,202,418
203,204,285
203,205,7
203,445,812
203,446,804
204,202,1
204,203,257
204,205,238
204,404,23
204,444,1
204,445,2
204,563,17
205,70,9
205,80,3
205,202,2
205,203,11
205,204,332
205,232,1
205,283,2
205,284,54
205,404,367
205,429,3
205,444,667
205,445,909
206,207,2679
206,208,23
206,209,13
206,210,10
206,211,1
206,213,1
206,329,2
206,330,14
206,332,3
206,418,10
206,419,93
206,457,906
206,699,2
206,727,1
207,135,1
207,206,1177
207,208,2673
207,209,23
207,210,11
207,211,1
207,213,3
207,329,1
207,330,1
207,364,2
207,416,3
207,418,5
207,419,13
207,457,10
207,475,1
207,577,1
207,726,100
207,727,1
208,206,6
208,207,1200
208,209,2663
208,210,26
208,211,8
208,212,3
208,213,3
208,330,4
208,332,2
208,417,1
208,418,4
208,419,3
208,457,3
208,651,1
208,699,13
209,206,6
209,207,4
209,208,1203
209,210,2247
209,211,20
209,212,9
209,213,3
209,330,4
209,364,2
209,418,5
209,419,4
209,457,1
209,475,191
209,669,270
209,699,2
210,135,1
210,136,1
210,207,2
210,208,13
210,209,59
210,211,3142
210,212,26
210,213,1
210,214,1
210,330,4
210,332,1
210,344,1
210,364,1
210,418,4
210,419,1
210,475,129
210,649,8
210,669,38
210,699,3
211,131,2
211,135,3
211,136,3
211,206,1
211,207,2
211,208,6
211,209,25
211,210,444
211,212,3291
211,213,13
211,214,1
211,364,953
211,418,3
211,475,841
211,564,9
211,568,97
211,569,1
211,648,1
211,699,1
212,133,1
212,134,3
212,135,11
212,136,23
212,206,1
212,207,2
212,208,2
212,209,3
212,210,6
212,211,1690
212,213,3389
212,214,8
212,344,1
212,364,52
212,474,1
212,475,8
212,564,521
212,565,4
212,568,10
212,608,8
213,130,1
213,132,1
213,133,1
213,134,6
213,135,20
213,136,3363
213,207,1
213,209,1
213,210,3
213,211,9
213,212,1024
213,214,10
213,332,1
213,364,2
213,472,2
213,475,1
213,564,1
214,133,11
214,134,20
214,135,2060
214,212,1
214,392,257
214,393,1
214,472,2
214,473,317
215,7,1
215,9,1233
215,10,1
215,11,1102
215,13,1
215,17,1
215,85,1
215,102,1
215,104,1412
215,105,2
215,146,1
215,294,423
216,116,311
216,117,8
216,118,2
216,142,2
216,152,1
216,217,4786
216,218,1
216,259,44
216,260,3
216,425,1235
216,435,1729
216,436,1
216,459,2
216,467,2
217,116,9
217,216,3178
217,218,3572
217,219,13
217,259,2
217,260,1304
217,348,1
217,425,19
217,435,2
217,459,165
217,467,1
217,481,21
218,118,1
218,216,1
218,217,2328
218,219,3576
218,235,1
218,459,1
218,460,984
218,481,6
219,216,1
219,217,6
219,218,2986
219,220,5193
219,221,3
219,222,2
219,235,5
219,236,3912
219,271,3054
219,408,2
219,449,1
219,450,5
219,460,2
219,481,1
220,169,1
220,218,1
220,219,5310
220,221,6229
220,222,14
220,235,2
220,236,3
220,459,1
220,460,490
220,461,1
220,483,3
220,530,2
220,532,1
220,612,276
220,739,4
221,169,6
221,219,4
221,220,5638
221,222,5766
221,460,2
221,531,1
221,532,1
221,612,8
221,739,7
222,30,1
222,31,5
222,166,1
222,168,8
222,169,5686
222,170,3
222,172,2
222,219,2
222,220,17
222,221,5386
222,224,1
222,361,229
222,531,4
222,532,1653
222,739,1
223,30,4
223,170,1
223,171,1
223,224,513
223,358,157
223,359,1086
223,360,1
224,29,1
224,30,673
224,170,1
224,223,248
224,360,235
224,740,2
225,148,2
225,149,8
225,150,1246
225,151,1
225,152,1
225,226,1004
225,438,1
225,683,73
226,151,1
226,225,997
226,438,1
226,494,259
226,545,88
226,585,24
226,586,1
226,594,436
227,96,1
227,162,9
227,187,1
227,228,1392
227,229,5
227,277,7
227,288,2609
227,321,146
227,324,1
227,503,201
227,580,7
228,162,1
228,227,1290
228,229,1215
228,230,4
228,231,1
228,288,6
228,321,3
228,405,2
228,406,1
228,580,5
229,142,1
229,188,4410
229,189,65
229,191,1
229,227,7
229,228,1301
229,230,3402
229,231,7
229,321,7
229,406,2
229,529,4
230,70,10
230,188,3
230,189,5
230,229,4900
230,231,3647
230,232,1
230,321,1
230,468,1
230,529,1
230,563,144
231,69,1
231,70,3851
231,71,4
231,72,1
231,188,1
231,227,1
231,229,24
231,230,4709
231,232,2
231,321,1
231,503,4
232,9,1
232,10,1
232,12,2
232,68,6
232,69,6138
232,70,4384
232,71,1
232,72,1
232,145,6
232,229,2
232,231,1
232,293,5
232,336,1
232,389,1
232,404,1
232,444,210
232,528,3
233,10,17
233,11,1
233,68,2
233,70,2
233,145,1358
233,146,2
233,389,794
233,527,1
233,528,1
234,62,1
234,64,2499
234,65,312
234,66,2
234,67,1
234,254,1
234,276,1
234,365,833
234,675,1
235,52,5
235,219,4
235,220,3
235,236,3313
235,260,5
235,271,1
235,408,2
235,431,5861
235,432,22
235,448,1801
235,449,13
235,450,2
235,481,83
235,482,655
235,536,2
235,562,1
236,219,3624
236,220,2
236,235,3713
236,260,1
236,408,1
236,431,2
236,449,74
236,481,11
236,482,3
237,82,634
237,84,1
237,238,6915
237,239,2
237,240,1
237,241,1
237,252,107
237,587,2
237,725,27
238,82,1
238,237,607
238,239,5776
238,240,1
238,440,1
238,441,10
238,587,1065
238,599,4
238,724,66
239,99,2
239,237,1
239,238,504
239,240,4647
239,241,5
239,401,4
239,439,2
239,441,2052
239,587,1
239,598,1
239,599,245
240,99,5
240,239,428
240,241,3273
240,401,1325
240,488,1
240,489,1
240,597,1
240,598,119
241,98,16
241,99,417
241,195,3
241,240,44
241,242,2039
241,401,1
241,488,955
241,489,12
241,597,985
241,598,2
241,610,2
242,98,189
242,197,1
242,241,1
242,488,40
242,489,2
243,75,1
243,110,1354
243,111,5
243,112,1
243,244,3389
243,245,4
243,263,150
243,264,6
243,282,83
243,352,1
243,353,1
243,356,3
243,428,1
244,19,145
244,21,1
244,48,1
244,74,1
244,75,19
244,110,5
244,111,2
244,243,1302
244,245,5974
244,264,1
244,282,76
244,354,3
244,355,1
244,356,4040
244,428,1
245,12,2
245,13,8
245,19,1
245,47,16
245,48,20
245,75,9245
245,76,227
245,110,2
245,111,2
245,112,1
245,243,3
245,244,6590
245,282,3941
245,354,2
245,356,6
246,77,1
246,78,11
246,79,34
246,80,1
246,247,3253
246,248,3
246,266,4
246,267,46
246,349,1
246,353,2215
246,368,137
247,67,2
247,246,1980
247,248,7130
247,249,5
247,251,11
247,254,1
247,265,6
247,266,5708
247,267,8
247,268,1
247,282,1
247,289,1
247,291,2
247,349,5344
247,353,6
248,246,6
248,247,2987
248,249,1877
248,254,86
248,267,6235
248,268,10
248,269,400
248,349,1
248,400,1
248,421,1
249,247,5
249,248,216
249,250,1569
249,251,2
249,253,5
249,254,142
249,267,4
249,268,1
249,269,1
249,349,700
249,422,1
250,39,5
250,65,19
250,66,5112
250,67,6
250,248,1
250,249,643
250,251,2314
250,253,2655
250,254,5
250,255,1
250,349,2
250,458,1
251,39,2
251,43,3
251,64,1
251,65,1
251,66,68
251,67,4770
251,115,1
251,247,13
251,248,2
251,250,3115
251,253,1
251,254,1
251,266,1
251,276,4
251,289,141
251,349,8160
252,81,77
252,159,1
252,237,42
252,587,1
252,588,35
253,39,1
253,65,1147
253,66,16
253,138,1
253,249,3
253,250,2622
253,254,2057
253,255,4
253,269,1
253,422,606
253,458,7
254,248,139
254,249,139
254,250,3
254,253,2327
254,255,2983
254,256,11
254,269,5
254,422,7
255,39,1
255,50,1
255,65,1
255,66,1
255,138,5
255,253,4
255,254,2655
255,256,1471
255,257,1
255,269,496
255,270,31
255,421,209
255,422,1322
256,49,1
256,50,7
256,253,1
256,254,14
256,255,1801
256,257,548
256,267,2
256,268,46
256,269,910
256,270,1054
256,399,368
256,421,453
256,422,1
257,57,7
257,58,189
257,59,308
257,193,4
257,254,1
257,256,505
257,270,166
257,399,434
257,447,110
258,116,4430
258,139,349
258,140,1
258,141,572
258,259,1098
258,260,3
258,435,5
258,481,1
258,688,306
258,766,2
259,116,15
259,141,1
259,216,229
259,217,2
259,258,886
259,260,1268
259,435,1
259,688,36
260,217,700
260,218,1
260,235,4
260,258,3
260,259,912
260,420,126
260,425,1
260,481,1938
261,110,1
261,262,323
261,263,1
261,264,301
261,356,1
261,427,1
261,428,9
261,492,4
261,558,93
261,593,1
261,615,353
262,19,1
262,110,9
262,261,432
262,263,4372
262,264,2
262,350,754
262,351,9
262,352,1
262,356,47
262,492,4
263,110,35
263,111,1
263,112,2
263,243,77
263,261,2
263,262,822
263,264,4343
263,265,1
263,350,3
263,351,1
263,356,74
264,110,4365
264,111,2
264,243,6
264,244,1
264,261,165
264,262,7
264,263,772
264,350,3
264,428,408
264,593,3
264,615,1
265,110,4
265,111,8
265,112,4223
265,113,3
265,246,1
265,247,8
265,248,1
265,262,2
265,266,4266
265,268,1
265,282,1
265,290,11
265,291,5
265,353,4
265,354,31
265,593,1
266,78,5
266,111,3
266,112,4
266,113,1
266,115,1
266,246,15
266,247,5992
266,248,1
266,265,3742
266,290,681
266,291,623
266,343,9
266,349,23
266,353,4817
266,354,2
266,355,1
267,49,1
267,75,1
267,79,32
267,246,1775
267,247,7
267,248,2912
267,256,6
267,268,6389
267,269,5
267,349,1
267,353,1
267,368,1134
267,400,17
267,421,1
268,77,1
268,79,3
268,191,2
268,193,7
268,246,3
268,247,1
268,248,7
268,254,1
268,256,40
268,267,4994
268,269,2315
268,368,2
268,399,240
268,400,4575
268,421,7
269,50,2
269,248,1106
269,254,6
269,255,208
269,256,1394
269,267,4
269,268,681
269,421,3
270,49,1
270,50,1
270,57,1
270,255,6
270,256,1132
270,257,169
270,268,2
270,399,3
270,421,406
270,447,405
271,218,2
271,219,2529
271,220,1
271,235,1
271,408,1630
271,448,1
271,449,39
271,450,1270
271,451,1
271,483,1
271,539,1
272,23,1
272,24,1351
272,28,2221
272,29,1
272,30,4
272,31,1
272,273,4479
272,274,4
272,385,3
273,24,3
273,28,7
273,272,1749
273,274,3353
273,385,1
274,272,3
274,273,692
274,604,569
275,43,3062
275,44,7
275,62,1
275,67,1
275,365,177
275,675,20
276,37,2
276,38,17
276,39,553
276,41,3
276,42,17
276,43,12
276,62,1
276,64,4
276,65,233
276,66,304
276,67,3503
276,114,3
276,115,3475
276,251,3
276,266,1
276,289,4703
276,290,5
276,343,2
276,365,1
276,675,1
277,82,1
277,91,1
277,160,1
277,161,50
277,162,4
277,163,1
277,184,1
277,227,1035
277,288,3
277,321,23
277,503,1
277,584,348
278,157,9
278,279,173
278,545,1
278,546,198
278,595,41
278,631,1
279,121,2
279,122,1
279,123,11
279,125,1
279,155,1
279,278,426
279,280,868
279,281,118
279,363,1
279,377,6
279,546,15
279,595,1
279,631,100
280,121,3
280,122,3
280,123,19
280,153,1
280,156,1
280,157,7
280,279,562
280,281,3526
280,296,10
280,317,8
280,318,1
280,363,23
280,371,1
280,373,1
280,374,3
280,375,19
280,376,532
280,377,3921
280,409,4
280,480,1
280,545,1
280,546,1
280,631,2
280,684,26
281,118,2
281,119,3
281,120,3
281,121,8
281,122,8
281,123,222
281,124,2
281,125,1
281,155,1
281,156,2
281,157,5038
281,279,1815
281,280,1928
281,317,6
281,363,8
281,374,1
281,375,1
281,377,13
281,395,1
281,749,2
282,13,1
282,19,1
282,48,4
282,75,6
282,111,4277
282,112,8
282,113,1
282,243,99
282,244,44
282,245,10857
282,353,3
282,354,10
282,355,2732
283,12,52
283,13,1
283,69,3
283,205,6
283,284,484
284,12,27
284,13,5
284,14,2
284,15,1
284,46,1
284,79,2
284,205,536
284,283,34
284,390,1379
284,391,1535
284,444,1
284,445,621
284,446,1
285,33,4
285,36,1
285,286,614
285,287,1
285,558,1
285,559,2
285,626,659
286,33,259
286,34,1
286,35,2
286,36,2
286,285,1347
286,287,513
286,558,12
286,559,109
286,626,6
286,729,3
286,791,1
287,33,977
287,286,200
287,558,1
287,572,128
288,124,1
288,162,9
288,185,1
288,187,1
288,227,1133
288,228,10
288,229,2
288,321,302
288,324,1
288,405,3
288,406,4
288,407,1
288,580,967
288,653,492
289,39,1
289,65,1
289,67,4
289,115,2
289,247,1
289,251,218
289,265,1
289,266,11
289,276,740
289,290,2977
289,291,259
289,343,1511
289,349,3
290,41,1
290,114,1
290,115,5
290,265,9
290,266,17
290,289,2
290,291,3039
290,343,1366
290,353,1
291,67,1
291,115,1
291,265,1
291,266,3128
291,276,5
291,289,728
291,290,225
291,343,4
291,349,189
291,353,1
292,71,2
292,72,125
292,158,5
292,159,1
292,232,5
292,293,1871
293,69,7
293,71,5
293,145,2
293,232,1849
293,528,2
294,7,4
294,8,316
294,9,1
294,85,476
294,86,3
294,104,3
294,105,1
294,215,632
295,6,1
295,7,1
295,8,17
295,9,1
295,10,1
295,82,4
295,83,5
295,84,1740
295,238,1
295,335,13
295,336,690
295,527,1
296,122,1
296,280,7
296,297,3041
296,298,18
296,299,1
296,314,2
296,317,806
296,318,2000
296,337,89
296,346,1
296,363,32
296,377,5
296,409,8
296,410,733
296,411,1
296,412,1
296,686,2
297,280,1
297,296,1652
297,298,3824
297,299,11
297,300,1
297,314,1
297,317,11
297,318,1
297,337,1
297,341,1
297,346,3
297,363,1
297,374,1
297,409,2
297,410,1045
298,214,1
298,296,6
298,297,1702
298,299,3516
298,300,3
298,301,6
298,317,1
298,338,2
298,344,3
298,345,4
298,346,1671
298,410,2
298,495,6
298,496,1
298,551,1
299,296,1
299,297,20
299,298,1965
299,300,2160
299,301,11
299,302,1
299,317,2
299,338,17
299,344,2
299,346,52
299,495,1021
299,496,12
299,544,1
299,551,197
300,298,1
300,299,376
300,301,2124
300,304,2
300,346,3
300,652,1
300,756,28
301,296,1
301,297,1
301,298,3
301,299,23
301,300,566
301,302,2400
301,303,4
301,304,3
301,305,2
301,306,1
301,496,1
301,551,203
301,652,402
302,301,798
302,303,2049
302,304,33
302,305,4
302,306,2
302,341,680
302,342,751
302,491,1
302,551,3
302,652,1
302,664,1
303,301,5
303,302,81
303,304,1724
303,305,6
303,306,1
303,551,1
303,651,1
303,652,51
303,717,52
304,301,4
304,302,41
304,303,257
304,305,1993
304,306,8
304,307,2
304,325,1
304,342,376
304,496,1
304,751,1
305,96,1
305,302,3
305,303,1
305,304,359
305,306,2759
305,307,7
305,308,3
305,323,1
305,326,1
305,341,1
305,342,7
305,491,1333
305,600,1
305,788,9
306,302,3
306,303,1
306,304,5
306,305,1681
306,307,2738
306,308,3
306,323,20
306,325,4
306,340,1
306,341,1
306,342,4
306,347,1
306,491,5
306,667,14
306,765,5
307,304,1
307,305,8
307,306,1684
307,308,1912
307,323,1116
307,324,1139
307,325,26
307,326,3
307,327,1
307,407,3
307,491,1
308,305,3
308,306,2
308,307,105
308,325,644
308,326,2
308,347,42
308,600,2
309,127,185
309,129,1
309,310,106
309,379,328
309,380,1
310,126,59
310,129,1
310,309,211
310,311,152
310,312,1
310,381,1
310,556,86
310,557,1
310,639,54
311,310,230
311,312,139
311,313,1
311,383,1
311,556,129
311,635,100
312,310,3
312,311,270
312,313,363
312,381,1
312,382,6
312,383,2
312,618,1
312,639,59
313,126,1
313,311,6
313,312,377
313,314,12
313,383,867
313,410,6
313,411,4
313,412,1
313,469,109
313,557,4
313,635,459
313,686,11
313,700,1
313,712,1
314,296,7
314,297,11
314,310,1
314,312,10
314,313,33
314,315,222
314,317,2
314,363,1
314,381,1
314,382,202
314,383,2227
314,392,1
314,409,6
314,410,41
314,411,293
314,412,1111
314,471,1
314,635,7
314,712,1
314,728,34
315,314,338
315,316,727
315,317,1
315,470,205
315,471,70
315,721,55
316,314,2
316,315,611
316,317,1072
316,318,3
316,409,2
316,412,144
316,698,14
316,721,1
317,123,1
317,280,5
317,281,1
317,296,2202
317,297,9
317,316,850
317,318,428
317,346,2
317,363,4789
317,377,32
317,383,1
317,409,4118
317,410,6
318,281,1
318,296,203
318,317,899
318,319,323
318,320,2
318,337,1
318,363,8
318,375,1
318,409,1
318,410,1
318,479,14
319,296,1
319,318,258
319,320,179
319,337,179
319,478,10
320,317,1
320,318,2
320,319,177
320,338,143
320,339,21
320,479,1
320,544,1
321,125,1
321,161,1
321,162,8533
321,163,6
321,184,1
321,227,403
321,228,14
321,229,4
321,231,1
321,277,4
321,288,838
321,323,2
321,405,8
321,406,1
321,407,1
321,442,3
322,91,207
322,92,3
322,94,1
322,96,1
322,162,8
322,228,1
322,323,51
322,324,14
322,325,1
322,327,1
322,328,4
322,329,1
322,405,27
322,406,10723
322,407,4721
322,439,1
322,582,1
322,634,1
323,81,1
323,92,1
323,96,15
323,162,1
323,302,1
323,305,1
323,306,10
323,307,3174
323,322,50
323,324,2930
323,325,7
323,326,7
323,327,8
323,328,1
323,329,5
323,342,3
323,405,3
323,406,11
323,407,11586
323,417,1
323,418,1
323,491,8
323,497,3
323,582,2
323,583,1
323,667,994
323,689,1
324,93,241
324,95,89
324,96,154
324,307,1232
324,322,8
324,323,9661
324,325,3898
324,326,22
324,327,5
324,328,4
324,329,1
324,405,2
324,406,3
324,407,23
324,418,1
324,515,1
324,600,1
324,689,1
325,95,3
325,96,1219
325,97,1
325,304,1
325,305,3
325,306,11
325,307,25
325,308,418
325,321,1
325,322,1
325,323,12
325,324,1292
325,326,54
325,327,7
325,328,5
325,330,3
325,347,3778
325,406,2
325,407,2
325,515,2
325,523,1
325,583,1
325,600,2
326,95,1
326,96,1796
326,162,1
326,307,2
326,308,2
326,322,1
326,323,10
326,324,40
326,325,43
326,327,196
326,328,10
326,329,3
326,330,2
326,347,1468
326,403,1
326,407,4
326,515,2648
326,522,1
326,600,275
326,622,1
327,95,1
327,96,15
327,322,1
327,323,3
327,324,7
327,325,4
327,326,461
327,328,607
327,329,13
327,330,11
327,331,1
327,347,5
327,406,4
327,407,2
327,418,2
327,515,1135
327,582,1
327,622,112
327,764,1
328,93,1
328,96,4
328,323,1
328,324,6
328,325,4
328,326,181
328,327,2036
328,329,644
328,330,16
328,331,93
328,347,16
328,405,1
328,406,1
328,407,1
328,418,3
328,424,1
328,515,32
328,577,1
328,622,2
328,689,2
328,764,7
329,96,3
329,173,3
329,174,10
329,175,1
329,206,3
329,209,1
329,210,2
329,211,1
329,322,3
329,323,2
329,324,12
329,326,8
329,327,10
329,328,2331
329,330,5468
329,331,4
329,347,1
329,406,1
329,407,3
329,415,2
329,416,12
329,417,877
329,418,27
329,419,10
329,423,1
329,424,2
329,457,2
329,515,3
329,577,18
329,689,71
330,96,2
330,173,9
330,174,20
330,206,22
330,207,6
330,209,3
330,210,1
330,211,1
330,213,2
330,324,1
330,325,1
330,327,1
330,328,2
330,329,944
330,331,949
330,332,7
330,333,1
330,347,2
330,416,10
330,417,7
330,418,4432
330,419,56
330,424,4
330,457,4
330,577,12
330,622,1
330,689,18
330,727,1
331,206,4
331,207,1
331,327,2
331,328,48
331,329,2
331,330,11
331,332,2
331,418,221
331,419,8
331,577,2
331,622,102
331,623,1
331,727,1
332,174,1
332,178,1
332,327,1
332,329,4
332,330,705
332,417,1
332,418,2
332,419,1
332,689,1
333,173,50
333,174,16
333,175,391
333,176,1099
333,177,14
333,178,4
333,179,1
333,329,1
333,415,2695
333,416,6
333,417,1
333,516,3
333,555,1
334,107,2
334,176,1
334,177,19
334,178,139
334,179,1
334,718,5
335,7,2
335,82,21
335,83,774
335,159,1
335,295,10
335,389,385
335,674,1
336,9,689
336,10,5
336,68,1
336,83,1
336,84,3
336,145,303
336,215,1
336,295,1724
336,389,96
337,296,36
337,297,3
337,317,1
337,318,1
337,319,106
337,338,235
337,495,6
338,182,14
338,183,5
338,186,1
338,298,4
338,299,10
338,320,24
338,337,112
338,339,922
338,340,4
338,346,1
338,476,6
338,495,27
338,496,350
338,544,509
339,182,5
339,320,1
339,338,168
339,340,243
339,496,8
339,543,122
339,544,734
340,182,2
340,338,5
340,339,354
340,341,275
340,496,13
340,497,2
340,544,1
340,551,4
341,182,1
341,302,590
341,306,1
341,339,3
341,340,266
341,342,1
341,496,107
341,497,182
341,551,251
342,302,1053
342,304,480
342,305,1
342,306,1
342,307,1
342,324,1
342,341,4
342,491,649
342,496,1
342,497,9
342,543,1
343,37,1
343,39,9
343,41,1
343,113,2
343,115,2952
343,289,34
343,290,4
344,211,3
344,212,3
344,299,2
344,345,1860
344,346,40
344,364,1724
344,380,1
344,393,1
344,394,349
344,564,2
344,608,2
344,649,26
344,798,1
345,298,2
345,299,2
345,300,1
345,344,1782
345,346,1691
345,364,3
345,496,1
345,544,1
345,649,11
345,756,3
346,296,2
346,297,3
346,298,1537
346,299,201
346,300,7
346,301,1
346,317,1
346,338,3
346,344,40
346,345,1799
346,364,1
346,495,15
346,496,1
346,544,1
346,756,3
346,783,1
347,95,1
347,96,7
347,307,2
347,308,60
347,322,1
347,324,2
347,325,1615
347,326,2789
347,327,6
347,328,3
347,423,1
347,515,5
347,520,1
347,600,4
347,623,1
347,625,146
348,152,2
348,153,2
348,154,1
348,165,4
348,166,2081
348,167,6
348,168,1
348,169,1
348,216,1
348,217,3
348,362,836
348,425,2087
348,430,2
348,436,2
348,459,2
348,592,1
348,606,135
349,43,1
349,66,1
349,67,16
349,246,5
349,247,8398
349,248,5
349,249,536
349,250,5
349,251,4799
349,253,1
349,266,1
349,276,1
349,289,11
349,291,859
350,20,22
350,112,1
350,243,1
350,262,4062
350,263,6
350,351,656
350,352,2
350,356,58
350,607,1
351,20,89
351,110,1
351,262,25
351,263,3
351,350,3674
351,352,657
351,454,1
351,492,319
351,558,2
351,607,19
351,697,5
352,20,65
352,21,1
352,22,2
352,262,1
352,351,1310
352,607,219
353,77,1
353,78,4885
353,79,15
353,112,1
353,205,1
353,244,1
353,245,1
353,246,1
353,247,1
353,265,12
353,266,2811
353,282,7
353,290,6
353,354,4472
353,355,40
353,444,1
354,78,6
354,111,1
354,112,3
354,244,3
354,245,2
354,247,1
354,265,26
354,266,5
354,282,13
354,343,1
354,353,2550
354,355,4427
354,426,1
355,75,1
355,76,38
355,77,1
355,78,453
355,111,1
355,245,2
355,266,3
355,282,4414
355,353,14
355,354,2721
356,19,2833
356,21,1
356,74,1
356,244,487
356,245,3
356,262,28
356,263,47
356,282,4
356,350,605
356,705,1
357,358,925
357,387,4
357,388,2
357,732,69
358,172,7
358,223,772
358,357,262
358,359,2
358,512,353
359,170,3
359,171,786
359,223,556
359,224,1
359,358,1
359,360,486
359,512,2
359,531,1
360,30,1
360,31,1
360,169,2
360,170,757
360,171,3
360,221,1
360,224,204
360,358,1
360,359,173
361,165,1
361,166,1
361,167,1044
361,168,79
361,169,21
361,170,1
361,218,1
361,220,1
361,222,536
361,348,1
361,362,1
361,430,160
361,460,2
361,461,595
361,552,2
362,166,2
362,167,187
362,222,1
362,348,470
362,361,2
362,430,1
362,459,161
362,461,573
363,123,2
363,156,1
363,157,1
363,279,1
363,280,15
363,281,5
363,296,24
363,297,5
363,313,1
363,317,5253
363,318,1
363,376,4
363,377,4816
363,409,14
363,410,1
363,412,2
363,698,5
364,207,1
364,210,6
364,211,1283
364,212,302
364,213,1
364,298,1
364,344,1495
364,345,4
364,346,4
364,473,1
364,474,320
364,564,6
364,565,1
364,608,3
364,649,1
364,650,1
364,651,1
365,39,3
365,43,232
365,66,38
365,67,3
365,115,2
365,234,52
365,275,712
366,19,1
366,20,1
366,21,2
366,73,331
366,102,2
366,103,1
366,367,3180
366,397,3693
366,398,160
366,454,2
366,464,8
366,710,30
367,16,1
367,17,1
367,73,1
367,102,3615
367,103,1
367,366,3496
367,397,1
367,398,1
367,678,16
368,76,1
368,77,1
368,78,1
368,79,919
368,80,34
368,246,2
368,256,1
368,267,717
368,268,4
368,353,2
368,400,219
368,429,13
369,226,1
369,370,1219
369,371,9
369,372,1
369,373,1
369,493,48
369,500,2
369,567,1339
369,603,43
370,123,1
370,317,1
370,369,2155
370,371,1604
370,372,1
370,493,19
370,546,1
370,580,2
370,586,1
370,603,3
370,640,177
370,641,1
371,369,5
371,370,2483
371,372,1680
371,373,3
371,374,1
371,375,1
371,493,4
371,603,4
372,370,1
372,371,2499
372,373,1706
372,374,3
372,640,10
373,363,1
373,370,1
373,371,2
373,372,2527
373,374,1824
373,375,4
373,376,1
373,493,1
374,280,1
374,296,2
374,371,4
374,373,2575
374,375,2030
374,376,5
375,121,1
375,280,3
375,373,2
375,374,2754
375,376,2291
375,377,5
375,631,1
376,280,9
376,296,2
376,363,11
376,373,2
376,374,10
376,375,2950
376,377,2449
376,409,1
376,480,1
377,122,2
377,123,3
377,157,1
377,280,3531
377,281,14
377,296,5
377,297,1
377,317,30
377,363,5128
377,372,1
377,373,1
377,374,6
377,375,7
377,376,2524
377,409,3
377,478,2
377,479,2
377,480,422
378,128,44
378,129,250
379,309,229
379,310,1
379,312,2
379,380,470
379,472,132
379,639,22
380,379,319
380,381,704
380,382,2
380,392,1139
380,393,4
380,472,4
380,618,96
380,639,1
381,312,1
381,314,2
381,315,1
381,380,644
381,382,736
381,383,3
381,393,1
381,639,129
381,713,71
382,312,21
382,313,2
382,314,66
382,315,2
382,380,1
382,381,734
382,383,660
382,410,1
382,411,2
382,412,5
382,713,1
382,728,7
383,296,3
383,297,1
383,312,18
383,313,807
383,314,1563
383,315,1
383,317,2
383,363,1
383,380,1
383,381,3
383,382,446
383,393,1
383,409,1
383,410,7
383,411,7
383,412,22
383,470,94
383,471,1
383,556,2
383,635,23
383,686,11
383,728,3
384,23,1257
384,498,1278
384,499,3
384,502,3
384,701,27
384,743,2
385,28,1
385,29,52
385,272,2
385,386,1277
385,387,4
385,658,2
386,24,1
386,29,1
386,30,2
386,385,3
386,387,788
386,658,272
386,732,1
387,223,1
387,357,25
387,358,1
387,385,5
387,386,5
387,388,383
387,682,298
387,732,101
388,357,1
388,387,28
388,654,140
389,83,2
389,145,2
389,233,416
389,335,776
389,336,148
389,527,507
389,528,5
390,12,1325
390,13,14
390,284,2209
390,391,1
390,445,2
391,12,2
391,80,30
391,192,1
391,284,175
391,390,1
391,445,126
391,446,1
392,135,3
392,214,387
392,379,1
392,380,1342
392,393,774
392,472,557
392,783,1
393,214,1
393,297,1
393,344,2
393,364,2
393,380,7
393,383,1
393,392,163
393,394,770
393,411,1
393,473,87
393,474,1
393,618,183
394,211,1
394,344,783
394,364,1
394,392,1
394,393,310
394,474,84
394,618,1
394,783,1
395,121,2
395,122,5
395,123,60
395,124,90
395,125,1541
395,153,1
395,154,2
395,155,5
395,156,10
395,158,1
395,162,2
395,163,16
395,164,6167
395,182,3
395,183,192
395,184,67
395,185,2
395,396,3
395,442,1
395,504,1
395,614,134
395,617,7
395,632,4
396,124,1
396,125,45
396,164,2
396,184,2
396,185,3
396,186,1
396,395,2
396,504,394
396,578,597
397,21,1
397,22,2
397,73,54
397,88,3
397,89,2
397,102,1
397,366,1076
397,367,2
397,398,118
397,464,1667
397,710,1
398,73,41
398,366,589
398,367,3
398,397,32
398,454,159
398,464,3
399,193,507
399,256,201
399,257,381
399,268,267
399,270,1
399,400,2
400,13,1
400,60,1
400,189,1
400,191,8
400,192,27
400,193,4578
400,267,7
400,268,4633
400,368,215
400,429,18
400,446,159
401,99,1355
401,240,417
401,241,2
401,441,25
401,642,11
402,98,498
402,325,1
402,403,475
402,520,1
402,523,161
402,600,58
402,660,1
403,97,8
403,98,1
403,326,51
403,347,1
403,402,13
403,600,24
404,69,1
404,70,1120
404,204,60
404,205,29
404,230,1
404,391,1
404,444,604
404,445,3
404,446,1
404,563,4
405,90,1
405,91,1
405,92,2
405,159,1
405,160,3
405,161,5
405,162,10806
405,163,1
405,227,1
405,228,2
405,288,1
405,321,11
405,322,22
405,323,3
405,324,1
405,329,1
405,406,5525
405,407,8
405,515,1
405,596,142
405,634,2
405,776,1
406,81,1
406,91,83
406,92,3
406,94,1
406,96,3
406,159,1
406,160,1
406,161,1
406,162,29
406,321,4
406,322,5335
406,323,13
406,324,3
406,325,2
406,405,10896
406,407,25
406,634,239
407,92,765
407,93,9
407,96,3
407,159,1
407,162,3
407,306,1
407,307,4
407,321,2
407,322,10546
407,323,7077
407,324,12
407,325,1
407,326,6
407,327,3
407,328,2
407,342,1
407,405,6
407,406,39
407,491,4
407,497,1
407,543,1
407,582,938
407,667,1
408,235,3
408,271,321
408,431,2
408,448,1
408,449,267
408,450,631
408,451,2
408,483,946
408,484,10
408,538,1
408,612,1
408,730,2
409,296,1386
409,297,6
409,313,2
409,315,1
409,316,13
409,317,808
409,318,1
409,344,1
409,377,1
409,410,1457
409,411,7
409,412,1
410,296,317
410,297,1676
410,298,1
410,300,1
410,310,1
410,313,8
410,314,25
410,317,5
410,363,1
410,381,1
410,382,6
410,383,10
410,409,314
410,411,2337
410,412,104
410,639,1
410,686,1
410,700,1
411,296,5
411,297,3
411,313,4
411,314,136
411,316,1
411,317,3
411,382,7
411,383,12
411,393,1
411,409,4
411,410,1513
411,412,1738
411,728,1
412,296,1
412,297,1
412,313,5
412,314,1786
412,316,74
412,363,1
412,381,1
412,382,41
412,383,25
412,409,3
412,410,19
412,411,1134
412,635,6
412,728,1
413,39,3
413,40,1987
413,41,2
413,113,1
413,114,6
413,414,417
413,673,57
413,691,12
414,39,1
414,40,5
414,413,690
414,616,3
414,673,1
414,691,1
415,96,1
415,173,6937
415,174,32
415,175,827
415,176,4
415,177,2
415,206,1
415,208,1
415,326,1
415,329,2
415,330,1
415,333,15
415,416,12
415,417,1
415,418,1
415,516,2
415,517,1
415,518,1
415,519,565
415,523,1
415,668,1
416,173,13
416,174,699
416,175,2
416,207,1
416,211,1
416,324,1
416,326,1
416,327,2
416,328,3
416,329,61
416,330,18
416,331,1
416,333,3
416,415,1
416,417,5913
416,418,8
416,419,4
416,423,3
416,424,1017
416,515,1
416,577,151
416,581,1
417,173,4
417,174,12
417,175,1
417,176,1
417,209,1
417,324,1
417,325,1
417,327,2
417,328,9
417,329,7089
417,330,24
417,331,1
417,416,47
417,418,13
417,419,2
417,423,1
417,424,4
417,522,1
417,577,749
418,173,2
418,206,56
418,207,18
418,208,4
418,209,9
418,210,6
418,211,4
418,212,1
418,213,1
418,329,9
418,330,162
418,331,41
418,332,1305
418,333,1
418,416,2
418,417,1
418,419,4613
418,457,5
418,564,1
418,623,56
418,727,1
418,761,4
419,174,1
419,206,1158
419,207,30
419,208,14
419,209,10
419,210,7
419,211,2
419,212,1
419,213,2
419,329,3
419,330,7
419,331,1
419,332,3
419,417,1
419,418,969
419,457,3453
419,577,1
419,717,1
419,751,1
419,770,2
420,53,1343
420,54,24
420,56,1
420,260,2
420,431,8
420,482,366
420,562,89
421,49,8
421,50,1844
421,52,6
421,138,80
421,255,234
421,256,149
421,257,1
421,268,3
421,270,2948
421,422,33
421,431,2
421,447,2
422,65,1
422,137,2
422,138,1477
422,253,727
422,255,718
422,421,28
422,458,86
422,462,1
423,329,2
423,330,2
423,402,3
423,416,1
423,417,1
423,424,569
423,522,34
423,600,416
424,173,3
424,174,6
424,328,1
424,329,10
424,330,6
424,331,1
424,416,24
424,417,632
424,418,3
424,423,550
424,577,306
424,581,1
424,764,1
425,116,1
425,166,4
425,216,1763
425,217,15
425,218,1
425,348,1856
425,436,225
425,459,586
425,460,3
426,34,1
426,36,195
426,37,19
426,110,2
426,111,1
426,113,126
426,114,1
426,427,1570
426,428,19
426,593,32
427,34,126
427,36,132
427,426,539
427,428,1168
427,593,1
427,615,1
428,36,1
428,110,683
428,112,1
428,113,1
428,261,19
428,264,329
428,426,6
428,427,560
428,593,896
428,615,33
429,70,1
429,78,1
429,79,4
429,80,674
429,368,3
429,400,15
429,444,1
429,445,376
429,446,116
430,25,1
430,26,6
430,31,1
430,32,1
430,151,1
430,154,3
430,155,2
430,165,13
430,166,109
430,167,5221
430,168,1009
430,169,11
430,170,3
430,220,1
430,222,1
430,361,180
430,362,1
430,461,2
430,552,2159
430,554,687
430,592,1
431,49,1
431,50,3
431,52,3342
431,53,1
431,54,1
431,55,1
431,219,1
431,235,4575
431,236,3
431,420,2
431,432,2274
431,433,19
431,434,2
431,448,21
431,449,8
431,450,1
431,482,4
431,536,97
431,562,1185
432,61,1
432,235,14
432,431,2528
432,433,2327
432,434,164
432,448,34
432,537,778
432,538,1
432,562,2
433,61,21
433,420,1
433,431,16
433,432,3243
433,434,1791
433,462,56
433,463,293
433,536,43
433,537,6
434,52,1
434,61,1772
434,62,2
434,235,1
434,431,1
434,432,114
434,433,1766
434,463,1
434,537,23
435,116,3941
435,117,2
435,118,2
435,142,1
435,152,3
435,216,113
435,217,2
435,258,1
435,259,2
435,436,5341
435,437,6
435,467,1
435,766,5
436,116,5
436,117,3
436,151,1
436,152,10
436,348,1
436,425,69
436,435,2577
436,437,5085
436,561,260
436,606,217
437,116,2
437,123,3
437,144,1
437,152,5428
437,153,1
437,154,275
437,155,4
437,156,1
437,165,6
437,170,1
437,435,9
437,436,747
437,561,1338
437,591,1
437,606,396
438,149,3090
438,150,17
438,151,3
438,225,2
438,494,408
438,499,2
438,500,2135
438,501,1
438,550,1
439,90,1105
439,91,2
439,440,1083
439,441,7
439,587,423
439,588,727
439,619,1
440,90,3
440,91,2
440,239,3
440,241,1
440,439,169
440,441,1173
440,587,2
440,619,292
440,642,129
441,90,1
441,91,1
441,238,1
441,239,1178
441,240,3
441,401,41
441,439,42
441,440,1803
441,587,235
442,72,1
442,83,2
442,123,3
442,125,3
442,161,2
442,162,21
442,163,201
442,164,5
442,183,2
442,184,846
442,185,2
442,321,4
442,395,1
442,580,1
442,617,1
442,653,82
442,666,1
443,87,180
443,88,1
443,105,287
443,452,2
443,534,237
443,535,4
444,69,2
444,70,2
444,80,1
444,205,395
444,232,59
444,404,523
444,429,2
444,445,5
445,12,2
445,59,4
445,70,3
445,79,1
445,80,61
445,192,6
445,203,820
445,204,2
445,205,774
445,232,1
445,283,1
445,284,479
445,353,1
445,390,3
445,391,326
445,404,4
445,429,811
445,444,3
445,446,24
446,12,1
446,58,4
446,59,2
446,60,4
446,192,890
446,193,2
446,202,63
446,203,808
446,256,1
446,400,39
446,429,12
446,445,18
447,50,86
447,51,1
447,55,693
447,57,51
447,139,1
447,256,1
447,257,79
447,258,1
447,270,500
448,235,1643
448,408,3
448,431,2
448,432,51
448,449,1801
448,450,3
448,484,1
448,538,16
449,52,1
449,235,14
449,236,20
449,271,12
449,408,40
449,431,3
449,448,1640
449,450,1740
449,483,1
449,484,1
450,219,2
450,220,1
450,235,3
450,271,182
450,408,767
450,431,1
450,448,2
450,449,102
450,451,1937
450,483,1
450,484,1
450,538,42
450,539,2
451,61,14
451,219,1
451,271,5
451,408,1
451,449,1
451,450,37
451,537,2
451,538,8
451,539,281
452,104,467
452,453,288
452,535,294
452,710,42
453,103,1
453,366,1
453,452,9
453,710,42
454,22,2
454,73,1
454,285,9
454,398,44
454,607,1
455,88,3
455,456,370
455,486,48
455,507,2
455,553,15
456,87,3
456,88,328
456,455,77
456,485,86
456,778,12
457,206,24
457,207,19
457,209,3
457,210,1
457,329,1
457,330,3
457,418,7
457,419,835
457,689,1
457,770,1
458,39,1
458,63,163
458,64,935
458,65,16
458,66,3
458,67,1
458,137,20
458,138,1
458,234,4
458,253,2
458,254,1
458,422,132
459,166,1
459,217,77
459,218,1
459,348,2
459,362,205
459,425,436
459,460,631
460,218,268
460,220,920
460,221,1
460,361,5
460,362,1
460,430,1
460,459,413
460,461,1101
461,169,1
461,217,1
461,218,1
461,220,1
461,361,1437
461,362,191
461,430,2
461,460,624
462,49,222
462,52,4
462,55,1
462,63,15
462,137,563
462,138,4
462,431,1
462,433,18
462,463,1497
462,536,61
463,61,76
463,63,144
463,431,1
463,433,1207
463,462,116
463,536,1
464,73,1
464,87,21
464,88,85
464,89,63
464,366,3
464,397,180
464,533,12
464,535,1
464,709,165
464,710,32
465,62,25
465,63,6
465,64,196
465,137,6
465,234,1
465,275,13
465,675,7
466,119,262
466,139,1
466,141,1
466,142,76
466,188,1
466,216,1
466,467,144
466,526,310
467,116,2
467,117,7
467,118,7
467,139,1
467,141,2
467,142,963
467,189,9
467,216,1
467,466,1028
467,468,814
467,504,1
467,526,2
467,529,28
467,547,1
467,637,335
467,638,1
467,708,69
468,117,1
468,118,2
468,141,1
468,142,5
468,189,6
468,216,1
468,257,1
468,467,2322
468,529,742
468,636,10
468,637,1
468,638,391
469,312,1
469,313,248
469,470,241
469,711,13
469,775,2
470,315,393
470,383,101
470,469,141
470,471,326
471,315,3
471,316,1
471,470,475
471,721,11
472,134,1
472,135,265
472,214,1
472,379,164
472,380,2
472,392,1668
472,473,1
472,541,131
473,214,329
473,393,62
473,474,293
474,211,9
474,212,7
474,344,1
474,364,242
474,394,76
474,473,321
475,206,2
475,207,4
475,208,11
475,209,1105
475,210,8
475,211,5
475,418,1
476,159,1
476,182,2035
476,183,6
476,320,4
476,338,6
476,339,1
476,346,1
476,477,500
476,478,1
476,495,1
476,544,334
476,632,12
477,182,1
477,280,1
477,338,1
477,476,349
477,478,530
477,544,1
478,319,11
478,377,2
478,477,340
478,479,523
478,480,4
478,795,2
479,318,15
479,319,1
479,377,5
479,478,328
479,480,504
480,280,2
480,377,554
480,409,1
480,476,1
480,477,1
480,478,3
480,479,284
481,217,53
481,218,20
481,235,52
481,236,5
481,260,988
481,420,13
481,482,1801
481,562,1
482,53,6
482,54,2
482,55,1
482,219,1
482,235,1566
482,236,6
482,260,1
482,420,1028
482,431,6
482,432,1
482,481,270
482,562,251
483,220,2
483,408,1018
483,449,1
483,484,444
483,530,473
483,612,311
483,613,1
484,172,4
484,408,10
484,483,301
484,531,1
484,560,164
484,730,1
485,85,1
485,86,1
485,87,92
485,88,1
485,106,4
485,456,34
485,486,778
485,487,3
485,507,1
485,553,3
485,576,2
485,655,1
486,3,1
486,455,130
486,487,543
486,507,59
486,553,25
486,566,200
486,655,2
486,656,1
487,4,1
487,486,5
487,507,174
487,508,2
487,553,727
487,576,1
487,602,131
487,655,6
488,195,3
488,241,1111
488,242,62
488,489,4011
488,597,11
488,598,2
488,610,1
488,677,1
489,0,1
489,100,1
489,195,3652
489,196,15
489,197,1
489,241,4
489,323,1
489,441,1
489,488,1171
489,511,3
489,610,598
489,611,1
489,660,10
490,177,1
490,178,2
490,555,20
491,302,2
491,303,1
491,305,646
491,306,6
491,307,2
491,323,1
491,339,1
491,340,1
491,342,1859
491,497,114
491,667,3
492,20,1
492,261,3
492,262,11
492,351,447
492,558,332
492,705,57
493,369,115
493,370,12
493,494,806
493,500,3
493,542,1
493,585,396
493,586,1
494,225,1
494,226,132
494,438,139
494,493,556
494,500,3
494,542,686
495,182,1
495,298,7
495,299,487
495,301,1
495,337,3
495,338,41
495,344,2
495,346,5
495,476,1
495,496,976
495,544,1
496,182,2
496,183,1
496,184,2
496,298,1
496,299,11
496,302,1
496,338,871
496,339,21
496,340,50
496,341,50
496,344,1
496,346,4
496,495,252
496,544,2
496,551,100
497,340,5
497,341,243
497,342,42
497,491,20
497,664,317
498,23,7
498,384,1339
498,499,1274
498,500,2
498,502,161
498,550,1
498,701,1
499,23,4
499,384,7
499,498,1429
499,500,1325
499,502,2
500,149,13
500,150,2
500,438,2995
500,494,1
500,498,2
500,499,1435
500,501,1889
500,542,91
500,550,10
501,149,3
501,438,1
501,500,1880
501,502,14
501,548,1
501,549,8
501,550,1785
501,603,13
502,384,4
502,438,1
502,498,75
502,499,2
502,500,1
502,501,16
502,687,30
502,701,44
503,70,1
503,71,276
503,72,1
503,163,1
503,227,250
503,228,1
503,231,386
503,584,15
504,122,1
504,125,26
504,155,1
504,396,438
504,505,234
504,506,9
504,526,262
504,579,25
504,637,11
505,121,2
505,125,2
505,396,1
505,504,425
505,506,316
505,617,5
506,118,1
506,119,40
506,121,315
506,504,10
506,505,510
506,526,46
507,3,1
507,486,42
507,487,226
507,508,439
507,566,365
507,576,286
508,1,21
508,2,29
508,3,1
508,487,1
508,507,688
508,509,491
508,602,13
509,1,136
509,2,4
509,194,3
509,508,733
509,510,653
509,575,1
509,605,1
509,676,63
510,0,1200
510,1,3
510,3,2
510,194,714
510,195,1
510,509,319
510,575,1
510,605,374
511,0,19
511,1,1
511,2,1
511,100,1022
511,109,4
511,195,388
511,196,1
511,488,1
511,785,2
512,170,1
512,172,322
512,358,114
513,35,9
513,36,856
513,37,2
513,39,13
513,66,2
513,110,1
513,427,1
513,514,2034
513,570,1
513,616,2
513,672,76
513,673,131
514,36,1
514,414,1
514,426,1
514,513,308
514,570,103
514,571,1
514,616,756
514,672,39
514,673,94
514,734,2
514,755,1
515,96,16
515,307,1
515,322,3
515,323,7
515,324,7
515,325,4
515,326,254
515,327,301
515,328,15
515,329,3
515,330,1
515,331,1
515,347,2
515,407,2
515,418,3
515,582,1
515,600,666
515,764,4
516,176,35
516,179,1053
516,198,194
516,333,2
516,415,2
516,517,1555
516,518,3
516,519,2
516,555,1
517,179,2
517,333,1
517,415,1
517,516,1125
517,518,1594
517,519,5
517,522,1
518,197,19
518,198,71
518,415,2
518,516,2
518,517,243
518,519,1632
518,520,1
519,197,1
519,333,1
519,415,1318
519,516,4
519,517,25
519,518,236
519,520,2079
519,521,11
519,522,2
519,523,1
519,600,1
519,611,1
520,173,220
520,415,1
520,516,1
520,519,606
520,521,1961
520,522,18
520,523,4
520,581,32
520,600,2
521,326,2
521,519,3
521,520,567
521,522,2291
521,523,7
521,600,5
521,611,53
521,661,2
522,98,1
522,423,18
522,519,1
522,520,15
522,521,759
522,523,2202
522,581,49
522,600,29
523,98,1
523,325,1
523,326,1
523,402,144
523,519,2
523,520,1
523,521,2
523,522,265
523,600,1606
524,40,2
524,41,2
524,42,8
524,43,13
524,44,698
524,663,6
524,691,7
525,194,181
525,510,2
525,574,25
525,657,1
525,731,42
526,119,5
526,466,221
526,504,70
526,505,1
526,506,110
526,637,404
527,10,1
527,72,1
527,145,2
527,233,1
527,389,376
527,528,542
527,674,1
528,13,2
528,68,1
528,69,625
528,233,7
528,527,440
529,142,2
529,187,72
529,189,2001
529,229,2
529,466,1
529,467,17
529,468,2651
529,579,3
529,636,3
529,637,41
530,220,2
530,408,1
530,483,735
530,531,535
530,612,1
530,613,41
531,31,1
531,169,3
531,170,2
531,171,1651
531,172,3
531,222,2
531,359,1
531,484,1
531,530,786
531,532,1067
531,560,382
531,613,1
532,166,1
532,167,1
532,169,2
532,170,1
532,221,3
532,222,1223
532,531,1549
532,739,1
533,87,3
533,88,17
533,89,141
533,534,109
533,709,3
534,88,71
534,443,136
534,452,1
534,464,1
534,533,205
534,535,307
535,443,7
535,452,339
535,464,14
535,534,367
535,709,50
535,710,3
536,49,13
536,52,82
536,235,3
536,431,357
536,433,30
536,462,60
536,463,1
537,61,1
537,431,1
537,432,450
537,433,7
537,434,7
537,462,1
537,538,648
537,539,1
537,769,9
538,432,2
538,448,40
538,450,12
538,537,391
538,539,583
539,271,1
539,451,6
539,484,8
539,538,226
539,730,1
540,119,2
540,120,188
540,144,227
540,766,2
541,133,1
541,134,129
541,472,163
542,494,81
542,500,701
543,182,1
543,339,368
543,340,1
543,491,1
543,544,2
543,664,126
543,679,1
543,702,69
543,771,9
544,182,235
544,183,7
544,184,1
544,319,1
544,320,147
544,338,353
544,339,149
544,476,1745
544,771,7
545,121,1
545,226,138
545,546,158
545,585,284
545,586,2
545,591,21
545,594,177
545,595,48
546,278,142
546,279,10
546,493,2
546,545,200
546,585,2
546,586,138
546,591,1
546,631,163
547,58,60
547,60,7
547,191,2
547,468,1
547,636,148
547,638,198
548,500,1
548,501,2
548,549,262
548,550,18
548,736,2
548,784,3
549,548,620
549,550,254
549,603,71
549,744,7
550,369,2
550,370,1
550,500,1
550,501,1603
550,548,11
550,549,1408
550,603,15
550,687,63
550,690,18
551,299,127
551,301,351
551,302,2
551,340,3
551,341,41
551,342,1
551,496,68
552,23,1
552,25,1
552,26,2188
552,27,1
552,32,27
552,168,1
552,430,1808
552,662,115
553,455,186
553,456,1
553,487,185
553,602,2
553,655,359
553,656,2
553,676,1
554,151,1
554,152,3
554,165,10
554,166,560
554,167,5
554,430,955
554,552,1
554,592,386
554,662,287
555,176,7
555,177,6
555,178,547
555,179,1
555,417,1
555,490,3
555,693,99
556,126,61
556,311,35
556,557,148
556,635,1
556,686,1
556,700,1
557,128,175
557,130,1
557,313,2
557,378,1
557,383,1
557,410,1
557,556,34
557,635,5
557,686,155
557,700,20
557,712,7
558,261,172
558,286,29
558,351,1
558,492,372
558,559,176
558,615,1
558,729,44
559,33,1
559,34,13
559,36,2
559,286,70
559,351,1
559,558,121
559,615,1
560,170,1
560,172,19
560,484,56
560,531,854
560,613,1
561,116,2
561,435,1
561,436,54
561,437,25
561,766,1
562,49,1
562,52,5
562,53,1
562,54,3
562,420,24
562,431,471
562,482,1062
563,190,47
563,191,25
563,202,110
563,204,32
563,229,1
563,230,2
563,404,4
564,136,1
564,211,18
564,212,923
564,213,2
564,344,1
564,364,6
564,475,1
564,565,488
564,568,56
564,608,45
564,609,1
564,685,18
565,211,3
565,212,5
565,364,3
565,564,589
565,608,255
566,106,10
566,486,62
566,507,92
566,576,1
566,741,4
567,369,225
567,499,1
567,542,1
567,603,40
568,211,43
568,564,206
568,569,92
568,630,1
569,568,176
569,630,80
570,514,15
570,571,691
570,616,83
570,734,49
571,570,87
571,572,648
571,573,2
572,287,545
572,571,58
572,573,549
573,571,2
573,572,550
573,616,1
574,181,823
574,194,1
574,525,86
574,575,359
574,601,3
575,108,1
575,181,3
575,194,525
575,510,1
575,574,797
576,2,65
576,3,128
576,4,192
576,5,1
576,486,1
576,507,97
576,508,2
576,741,11
577,173,6
577,174,5
577,175,2
577,176,2
577,207,1
577,327,1
577,329,15
577,330,2
577,333,1
577,415,2
577,416,550
577,417,425
577,418,1
577,424,28
577,457,1
577,515,1
577,633,15
577,689,1
578,185,252
578,186,1
578,187,2
578,396,502
578,504,2
578,579,189
579,164,1
579,187,372
579,504,35
579,529,2
579,578,194
579,637,181
580,186,217
580,187,272
580,188,580
580,227,1
580,229,1
580,288,601
580,653,6
581,174,1
581,329,1
581,415,1
581,424,2
581,520,39
581,521,1
581,522,49
582,322,1
582,323,2
582,407,1216
582,543,1
582,583,178
582,667,3
582,689,1
583,163,1
583,407,2
583,582,199
584,71,1
584,72,111
584,159,15
584,160,326
584,277,3
584,503,246
585,226,18
585,493,602
585,494,1
585,545,194
585,546,2
585,586,532
586,226,1
586,371,2
586,493,2
586,545,4
586,546,84
586,585,598
586,631,1
587,90,1
587,238,476
587,239,1
587,439,834
587,441,289
587,589,1
588,81,1
588,252,57
588,439,416
588,587,1
588,589,607
589,90,362
589,439,2
589,587,1
589,588,369
589,634,335
590,134,2
590,135,1
590,136,24
590,213,1
590,719,2
590,799,1
591,123,2
591,153,2
591,154,4
591,155,364
591,156,2
591,437,1
591,545,19
591,594,410
591,595,2
592,151,335
592,152,12
592,153,1
592,155,1
592,165,299
592,166,25
592,167,1
592,170,1
592,348,1
592,430,2
592,554,902
592,606,1
592,706,32
593,39,1
593,110,130
593,112,80
593,113,568
593,282,1
593,426,31
593,428,203
594,226,20
594,545,139
594,546,1
594,591,111
594,595,2
595,155,9
595,156,24
595,278,49
595,281,1
595,545,60
595,586,1
595,591,2
595,631,1
596,159,1
596,160,2
596,161,149
596,184,1
596,405,393
596,406,2
596,634,2
597,239,1
597,241,206
597,488,1
597,489,2
597,598,978
597,599,1
598,240,206
598,241,1
598,597,209
598,599,777
599,238,2
599,239,794
599,441,2
599,597,1
599,598,141
599,724,1
600,95,1
600,98,2
600,306,1
600,307,2
600,325,3
600,326,874
600,327,1
600,347,2
600,402,170
600,403,514
600,416,1
600,423,608
600,515,360
600,519,1
600,521,2
600,522,40
600,523,604
601,107,1327
601,108,2
601,179,1
601,181,125
601,575,1
602,487,275
602,508,19
602,655,25
602,676,156
603,369,39
603,370,2
603,500,77
603,501,52
603,549,12
603,550,6
603,567,254
604,23,855
604,274,502
604,701,56
605,100,1
605,194,2
605,510,699
605,574,1
605,657,104
605,676,314
606,152,4
606,165,14
606,166,2
606,348,409
606,435,1
606,436,66
606,437,280
606,561,5
607,262,3
607,351,27
607,352,959
607,454,2
607,696,1
607,697,40
607,774,4
608,211,2
608,212,3
608,364,1
608,564,16
608,565,642
608,609,238
608,647,3
608,648,48
608,685,121
608,692,2
609,564,2
609,565,5
609,608,562
609,750,8
610,179,2
610,196,1
610,197,3
610,489,2
610,519,2
610,611,651
610,661,22
611,197,2
611,519,651
611,521,77
611,610,2
612,220,333
612,221,5
612,222,1
612,483,297
612,530,1
613,483,1
613,484,39
613,530,31
613,560,2
614,395,126
614,621,122
615,33,1
615,34,361
615,261,260
615,428,47
615,559,55
616,514,74
616,570,700
616,571,1
616,755,4
617,121,1
617,122,13
617,123,345
617,124,5
617,125,1
617,152,1
617,154,4
617,155,6
617,156,8
617,165,1
617,184,2
617,281,1
617,395,1
618,380,28
618,381,2
618,383,1
618,393,107
618,394,1
618,738,77
618,767,4
619,90,401
619,92,3
619,94,263
619,439,1
619,440,48
620,94,1
620,95,175
620,96,1
620,97,108
620,98,2
620,99,196
620,239,1
620,401,1
620,642,131
621,395,2
621,614,136
622,327,125
622,331,39
622,623,167
623,208,1
623,213,1
623,328,1
623,418,69
623,419,4
623,622,109
623,624,151
623,625,1
623,727,1
623,748,22
624,623,141
624,625,149
625,347,133
625,624,142
626,285,100
626,286,1
626,454,15
626,696,1
626,729,1
626,737,3
627,628,65
627,629,1
627,704,46
628,627,70
628,629,85
629,627,1
629,628,68
629,630,132
629,723,22
630,569,168
630,608,1
630,629,79
631,144,1
631,279,139
631,280,2
631,373,1
631,374,1
631,546,132
631,594,1
632,164,4
632,183,27
632,184,1
632,395,2
632,476,16
632,621,1
632,666,1
633,577,2
634,91,151
634,161,1
634,406,204
634,587,1
634,589,348
634,596,1
635,126,1
635,311,149
635,313,429
635,314,3
635,382,1
635,383,15
635,410,1
635,411,1
635,556,2
635,557,4
635,686,249
635,700,2
635,712,1
636,191,188
636,468,17
636,529,2
636,547,150
637,119,1
637,467,339
637,504,14
637,526,343
637,529,61
637,579,236
638,41,1
638,58,60
638,201,1
638,467,11
638,468,333
638,529,1
638,547,356
638,636,2
638,708,2
639,310,122
639,312,30
639,379,58
639,380,1
639,381,51
640,369,1
640,370,225
640,641,164
640,745,5
640,777,12
641,370,1
641,640,214
641,680,155
641,714,1
641,745,1
642,94,199
642,95,2
642,401,25
642,440,383
642,619,3
642,620,134
643,644,37
643,695,36
644,643,30
644,645,102
644,646,1
644,647,2
644,694,34
645,644,33
645,646,101
645,694,1
646,645,31
646,647,93
646,719,10
647,608,1
647,646,4
647,648,121
647,692,2
647,719,31
648,608,147
648,609,3
648,647,31
648,692,15
649,210,42
649,344,1
649,345,142
649,650,226
649,651,1
649,669,1
650,210,1
650,344,1
650,649,204
650,651,255
650,756,3
651,210,1
651,303,3
651,364,1
651,650,200
651,652,411
651,669,2
651,699,120
651,717,93
652,300,1
652,301,495
652,302,3
652,303,41
652,651,324
652,717,2
653,185,62
653,186,16
653,188,1
653,288,287
653,442,527
653,580,1
654,358,1
654,387,2
654,388,13
655,181,1
655,455,19
655,553,3
655,602,32
655,656,237
655,676,3
656,1,1
656,181,1
656,509,1
656,605,1
656,655,55
656,657,187
656,676,189
657,181,31
657,510,3
657,525,4
657,574,9
657,605,189
657,655,8
657,656,72
657,731,11
658,385,4
658,386,1
658,387,1
658,682,9
659,6,46
659,7,4
659,8,1
659,82,1
659,83,2
659,84,338
659,295,1
660,489,29
660,661,12
661,610,42
661,660,21
662,147,13
662,168,1
662,222,1
662,552,111
662,554,250
662,592,1
662,706,1
663,40,1
663,41,144
663,42,1
663,115,1
663,524,2
663,691,26
664,340,1
664,497,138
664,543,314
664,551,1
664,759,2
665,81,2
665,159,5
665,160,50
665,161,6
665,200,33
665,405,1
665,406,1
666,162,3
666,163,147
666,182,17
666,183,10
666,184,2
666,405,1
666,442,1
666,679,110
667,305,1
667,306,1
667,323,14
667,340,1
667,491,995
667,551,1
667,582,3
668,173,21
668,174,1
668,175,42
668,333,1
668,415,1
668,781,1
669,210,162
669,211,1
669,332,1
669,418,1
669,419,1
669,649,9
669,650,1
669,651,3
669,699,41
670,197,15
670,198,3
670,199,1
670,785,1
671,33,24
671,35,265
671,513,1
671,672,1
672,35,51
672,36,1
672,513,195
672,514,7
673,413,117
673,414,4
673,513,89
673,514,19
674,81,3
674,82,25
674,83,2
674,145,1
674,158,117
674,159,1
674,237,1
674,335,1
674,527,1
675,64,1
675,137,1
675,234,3
675,275,25
675,465,1
676,0,1
676,1,1
676,487,1
676,509,154
676,602,339
676,605,187
676,656,86
677,100,22
677,195,2
677,488,1
678,17,1
678,21,9
678,73,19
678,367,37
679,162,1
679,666,108
679,702,7
679,776,11
680,641,212
680,681,152
681,680,204
681,714,87
682,387,26
683,152,1
683,153,70
683,165,1
683,225,116
684,280,2
685,212,2
685,564,34
685,608,10
685,692,112
686,130,2
686,311,2
686,313,2
686,314,1
686,317,1
686,383,1
686,469,1
686,556,29
686,557,19
686,635,275
686,700,133
686,707,45
686,712,3
687,502,13
687,701,25
688,258,38
688,259,321
688,260,1
688,420,3
689,96,2
689,173,3
689,324,2
689,326,1
689,328,4
689,329,185
689,330,3
689,417,2
689,515,1
689,577,2
689,792,2
690,550,74
691,40,593
691,413,1
691,414,12
692,136,86
692,609,2
692,648,16
692,685,12
692,719,27
693,176,1
693,177,5
693,178,60
693,179,1
693,180,1
693,516,2
693,555,1
694,644,94
694,720,31
695,133,70
695,643,39
696,697,132
697,351,2
697,607,74
697,696,45
697,705,109
698,316,12
698,317,2
698,363,8
698,721,1
699,206,6
699,208,2
699,211,1
699,212,1
699,330,1
699,418,3
699,419,1
699,651,50
699,669,121
699,752,17
700,557,38
700,686,13
700,712,3
700,787,2
701,23,2
701,384,22
701,498,1
701,500,1
701,502,22
701,604,18
701,687,10
702,543,80
702,679,16
702,773,4
703,181,2
704,627,37
704,628,1
704,757,9
704,770,1
705,286,1
705,351,1
705,492,142
705,558,1
705,697,1
705,729,72
705,737,31
706,592,21
707,686,36
707,711,8
707,715,46
708,117,1
708,140,94
708,142,15
708,466,2
708,467,77
708,638,1
709,89,1
709,464,16
709,533,3
709,534,2
709,535,154
709,710,4
710,22,1
710,88,1
710,366,133
710,397,1
710,452,13
710,453,12
710,464,20
710,534,1
710,535,4
711,469,24
711,686,1
711,707,3
712,130,10
712,557,11
712,635,2
713,381,87
713,618,1
713,738,60
714,681,48
715,707,43
715,716,30
715,746,12
716,715,29
717,303,63
717,651,151
717,652,1
717,726,2
717,751,5
717,752,49
718,176,1
718,177,42
718,178,1
718,334,1
719,136,21
719,590,13
719,646,10
719,647,12
719,692,4
720,130,11
720,694,9
720,790,3
721,315,37
721,471,6
721,698,1
722,723,42
722,733,8
723,629,47
723,630,1
723,722,20
724,237,1
724,238,26
724,725,42
725,83,18
725,237,33
725,724,15
725,753,1
726,208,1
726,418,1
726,717,93
726,727,2
726,751,12
726,752,10
727,209,1
727,213,1
727,330,1
727,332,1
727,726,4
727,748,4
727,788,1
728,314,19
728,382,1
728,383,2
728,409,1
728,410,2
728,411,3
728,412,7
729,286,4
729,558,54
729,626,1
729,705,79
729,737,1
730,408,1
730,483,1
730,484,1
731,181,1
731,525,9
731,655,1
731,657,23
732,357,28
732,358,1
732,387,45
732,740,11
733,629,1
733,722,19
733,750,10
734,570,11
734,735,38
735,570,1
735,573,5
735,734,11
736,548,1
736,690,1
737,454,2
737,696,17
737,697,1
737,705,19
737,729,4
738,618,42
738,713,48
738,767,2
739,220,2
739,221,3
739,532,5
740,223,1
740,732,5
741,5,5
741,566,11
741,576,4
741,742,1
742,2,1
742,7,2
742,85,26
742,106,5
743,23,38
743,147,1
743,148,1
745,493,1
745,640,1
746,715,4
746,775,1
747,127,4
748,623,8
748,727,5
749,122,1
749,123,3
749,124,9
749,164,1
749,614,1
750,609,12
750,733,8
751,209,1
751,304,3
751,717,8
751,726,6
751,788,3
752,207,10
752,651,1
752,699,33
752,717,15
752,726,2
753,5,11
753,659,2
753,754,1
754,4,4
754,5,1
754,83,1
754,753,3
756,300,29
756,345,3
756,346,3
756,650,3
757,704,5
759,664,2
761,762,4
762,761,2
762,768,2
764,327,3
764,328,2
764,329,1
764,423,1
764,515,2
765,306,6
766,116,1
766,117,7
766,139,3
766,258,1
766,435,2
766,561,2
767,738,2
770,457,2
770,704,1
770,757,1
770,768,1
771,182,1
771,543,7
771,544,4
773,702,4
773,776,4
774,607,2
775,469,3
775,746,1
776,162,2
776,163,1
776,183,1
776,406,1
776,679,2
776,773,5
777,640,1
777,779,10
778,456,1
779,780,8
780,374,1
781,174,1
781,175,2
781,668,1
782,647,7
783,298,1
783,346,1
783,383,1
785,511,3
788,305,1
788,751,3
788,765,3
789,644,1
790,130,2
791,573,1
792,689,1
792,793,1
793,762,1
796,3,3
798,346,1
799,590,1
